-- MySQL dump 10.13  Distrib 5.5.47, for debian-linux-gnu (x86_64)
--
-- Host: localhost    Database: crowdroid
-- ------------------------------------------------------
-- Server version	5.5.47-0ubuntu0.14.04.1

/*!40101 SET @OLD_CHARACTER_SET_CLIENT=@@CHARACTER_SET_CLIENT */;
/*!40101 SET @OLD_CHARACTER_SET_RESULTS=@@CHARACTER_SET_RESULTS */;
/*!40101 SET @OLD_COLLATION_CONNECTION=@@COLLATION_CONNECTION */;
/*!40101 SET NAMES utf8 */;
/*!40103 SET @OLD_TIME_ZONE=@@TIME_ZONE */;
/*!40103 SET TIME_ZONE='+00:00' */;
/*!40014 SET @OLD_UNIQUE_CHECKS=@@UNIQUE_CHECKS, UNIQUE_CHECKS=0 */;
/*!40014 SET @OLD_FOREIGN_KEY_CHECKS=@@FOREIGN_KEY_CHECKS, FOREIGN_KEY_CHECKS=0 */;
/*!40101 SET @OLD_SQL_MODE=@@SQL_MODE, SQL_MODE='NO_AUTO_VALUE_ON_ZERO' */;
/*!40111 SET @OLD_SQL_NOTES=@@SQL_NOTES, SQL_NOTES=0 */;

--
-- Table structure for table `all_sensor_data`
--

DROP TABLE IF EXISTS `all_sensor_data`;
/*!40101 SET @saved_cs_client     = @@character_set_client */;
/*!40101 SET character_set_client = utf8 */;
CREATE TABLE `all_sensor_data` (
  `id` int(11) NOT NULL AUTO_INCREMENT,
  `user` int(11) NOT NULL,
  `type` int(11) NOT NULL,
  `latitude` double NOT NULL,
  `longitude` double NOT NULL,
  `mgrs` text NOT NULL,
  `value` float NOT NULL,
  `timestamp` bigint(20) NOT NULL,
  PRIMARY KEY (`id`)
) ENGINE=InnoDB AUTO_INCREMENT=413 DEFAULT CHARSET=latin1;
/*!40101 SET character_set_client = @saved_cs_client */;

--
-- Dumping data for table `all_sensor_data`
--

LOCK TABLES `all_sensor_data` WRITE;
/*!40000 ALTER TABLE `all_sensor_data` DISABLE KEYS */;
INSERT INTO `all_sensor_data` VALUES (182,1949170730,100,44.5106093,11.3490281,'32TPQ8671031272',323,1465917667),(183,1949170730,5,44.5106093,11.3490281,'32TPQ8671031272',8,1465917667),(184,1949170730,13,44.5106093,11.3490281,'32TPQ8671031272',41.1037,1465917667),(185,1949170730,12,44.5106093,11.3490281,'32TPQ8671031272',37.4914,1465917668),(186,1949170730,6,44.5106093,11.3490281,'32TPQ8671031272',1005.38,1465917668),(187,1949170730,100,44.5106093,11.3490281,'32TPQ8671031272',296,1465917771),(188,1949170730,12,44.5106093,11.3490281,'32TPQ8671031272',75.102,1465917773),(189,1949170730,13,44.5106093,11.3490281,'32TPQ8671031272',27.5507,1465917773),(190,1949170730,5,44.5106093,11.3490281,'32TPQ8671031272',6,1465917774),(191,1949170730,6,44.5106093,11.3490281,'32TPQ8671031272',911.437,1465917774),(192,1949170730,100,44.5106093,11.3490281,'32TPQ8671031272',294,1465917819),(193,1949170730,5,44.5106093,11.3490281,'32TPQ8671031272',8,1465917819),(194,1949170730,13,44.5106093,11.3490281,'32TPQ8671031272',33.5586,1465917819),(195,1949170730,12,44.5106093,11.3490281,'32TPQ8671031272',33.6376,1465917819),(196,1949170730,6,44.5106093,11.3490281,'32TPQ8671031272',952.935,1465917819),(197,1949170730,100,44.5106093,11.3490281,'32TPQ8671031272',342,1465917847),(198,1949170730,5,44.5106093,11.3490281,'32TPQ8671031272',8,1465917847),(199,1949170730,12,44.5106093,11.3490281,'32TPQ8671031272',38.3953,1465917847),(200,1949170730,13,44.5106093,11.3490281,'32TPQ8671031272',33.5586,1465917847),(201,1949170730,6,44.5106093,11.3490281,'32TPQ8671031272',883.266,1465917847),(202,1949170730,100,44.5106093,11.3490281,'32TPQ8671031272',405,1465917923),(203,1949170730,5,44.5106093,11.3490281,'32TPQ8671031272',11,1465917923),(204,1949170730,13,44.5106093,11.3490281,'32TPQ8671031272',31.4859,1465917923),(205,1949170730,12,44.5106093,11.3490281,'32TPQ8671031272',85.4393,1465917923),(206,1949170730,6,44.5106093,11.3490281,'32TPQ8671031272',918.739,1465917923),(207,1949170730,100,44.5106093,11.3490281,'32TPQ8671031272',116,1465917982),(208,1949170730,5,44.5106093,11.3490281,'32TPQ8671031272',8,1465917982),(209,1949170730,13,44.5106093,11.3490281,'32TPQ8671031272',40.6634,1465917982),(210,1949170730,12,44.5106093,11.3490281,'32TPQ8671031272',33.1375,1465917982),(211,1949170730,6,44.5106093,11.3490281,'32TPQ8671031272',1009.76,1465917982),(212,1949170730,100,44.5114388,11.346307,'32TPQ8649131357',320,1465918434),(213,1949170730,5,44.5114388,11.346307,'32TPQ8649131357',0,1465918434),(214,1949170730,13,44.5114388,11.346307,'32TPQ8649131357',-9.48725,1465918435),(215,1949170730,12,44.5114388,11.346307,'32TPQ8649131357',87.79,1465918435),(216,1949170730,6,44.5114388,11.346307,'32TPQ8649131357',954.894,1465918435),(217,1949170730,100,44.510622,11.3490248,'32TPQ8670931273',424,1465918459),(218,1949170730,5,44.510622,11.3490248,'32TPQ8670931273',4,1465918459),(219,1949170730,13,44.510622,11.3490248,'32TPQ8670931273',-9.48725,1465918459),(220,1949170730,12,44.510622,11.3490248,'32TPQ8670931273',74.4503,1465918459),(221,1949170730,6,44.510622,11.3490248,'32TPQ8670931273',898.514,1465918459),(222,1949170730,100,44.510622,11.3490248,'32TPQ8670931273',423,1465918484),(223,1949170730,5,44.510622,11.3490248,'32TPQ8670931273',6,1465918485),(224,1949170730,13,44.510622,11.3490248,'32TPQ8670931273',38.2206,1465918485),(225,1949170730,12,44.510622,11.3490248,'32TPQ8670931273',74.4503,1465918485),(226,1949170730,6,44.510622,11.3490248,'32TPQ8670931273',1009.13,1465918485),(227,1949170730,100,44.510622,11.3490248,'32TPQ8670931273',423,1465918490),(228,1949170730,5,44.510622,11.3490248,'32TPQ8670931273',4,1465918490),(229,1949170730,13,44.510622,11.3490248,'32TPQ8670931273',38.2206,1465918490),(230,1949170730,12,44.510622,11.3490248,'32TPQ8670931273',31.7847,1465918490),(231,1949170730,6,44.510622,11.3490248,'32TPQ8670931273',1009.13,1465918490),(232,1949170730,100,44.510622,11.3490248,'32TPQ8670931273',749,1465918514),(233,1949170730,5,44.510622,11.3490248,'32TPQ8670931273',4,1465918514),(234,1949170730,13,44.510622,11.3490248,'32TPQ8670931273',12.5536,1465918514),(235,1949170730,12,44.510622,11.3490248,'32TPQ8670931273',31.7847,1465918514),(236,1949170730,6,44.510622,11.3490248,'32TPQ8670931273',1009.13,1465918514),(237,1949170730,100,44.510622,11.3490248,'32TPQ8670931273',749,1465918517),(238,1949170730,5,44.510622,11.3490248,'32TPQ8670931273',4,1465918517),(239,1949170730,13,44.510622,11.3490248,'32TPQ8670931273',12.5536,1465918518),(240,1949170730,12,44.510622,11.3490248,'32TPQ8670931273',45.0954,1465918518),(241,1949170730,6,44.510622,11.3490248,'32TPQ8670931273',1009.13,1465918518),(242,1949170730,100,44.510622,11.3490248,'32TPQ8670931273',749,1465918521),(243,1949170730,5,44.510622,11.3490248,'32TPQ8670931273',4,1465918521),(244,1949170730,13,44.510622,11.3490248,'32TPQ8670931273',12.5536,1465918521),(245,1949170730,12,44.510622,11.3490248,'32TPQ8670931273',45.0954,1465918521),(246,1949170730,6,44.510622,11.3490248,'32TPQ8670931273',1009.13,1465918521),(247,1949170730,100,44.510622,11.3490248,'32TPQ8670931273',749,1465918524),(248,1949170730,5,44.510622,11.3490248,'32TPQ8670931273',4,1465918524),(249,1949170730,13,44.510622,11.3490248,'32TPQ8670931273',12.5536,1465918524),(250,1949170730,12,44.510622,11.3490248,'32TPQ8670931273',45.0954,1465918524),(251,1949170730,6,44.510622,11.3490248,'32TPQ8670931273',1009.13,1465918524),(252,1949170730,6,44.5111581,11.3461944,'32TPQ8648331326',913.155,1465919076),(253,1949170730,13,44.5111581,11.3461944,'32TPQ8648331326',36.6755,1465919079),(254,1949170730,5,44.5111581,11.3461944,'32TPQ8648331326',6,1465919080),(255,1949170730,100,44.5111581,11.3461944,'32TPQ8648331326',146,1465919084),(256,1949170730,12,44.5111581,11.3461944,'32TPQ8648331326',46.9698,1465919114),(257,1949170730,6,44.5111581,11.3461944,'32TPQ8648331326',1007.14,1465919126),(258,1949170730,5,44.5111581,11.3461944,'32TPQ8648331326',6,1465919144),(259,1949170730,100,44.5111581,11.3461944,'32TPQ8648331326',203,1465919159),(260,1949170730,13,44.5111581,11.3461944,'32TPQ8648331326',-7.41984,1465919171),(261,1949170730,5,44.5111581,11.3461944,'32TPQ8648331326',8,1465919195),(262,1949170730,6,44.5111581,11.3461944,'32TPQ8648331326',1083,1465919197),(263,1949170730,12,44.5111581,11.3461944,'32TPQ8648331326',33.5249,1465919207),(264,1949170730,100,44.5111581,11.3461944,'32TPQ8648331326',342,1465919226),(265,1949170730,13,44.5105942,11.3490625,'32TPQ8671231270',-10.8816,1465919237),(266,1949170730,5,44.5105942,11.3490625,'32TPQ8671231270',4,1465919285),(267,1949170730,12,44.5105942,11.3490625,'32TPQ8671231270',35.5361,1465919286),(268,1949170730,100,44.5105942,11.3490625,'32TPQ8671231270',163,1465919293),(269,1949170730,6,44.5105942,11.3490625,'32TPQ8671231270',994.91,1465919295),(270,1949170730,13,44.5105942,11.3490625,'32TPQ8671231270',24.4373,1465919306),(271,1949170730,5,44.5105942,11.3490625,'32TPQ8671231270',11,1465919344),(272,1949170730,100,44.5105942,11.3490625,'32TPQ8671231270',126,1465919348),(273,1949170730,12,44.5105942,11.3490625,'32TPQ8671231270',70.1713,1465919363),(274,1949170730,6,44.5105942,11.3490625,'32TPQ8671231270',979.727,1465919364),(275,1949170730,13,44.5105942,11.3490625,'32TPQ8671231270',5.96027,1465919367),(276,1949170730,100,44.5105942,11.3490625,'32TPQ8671231270',525,1465919426),(277,1949170730,13,44.5105942,11.3490625,'32TPQ8671231270',-9.03697,1465919430),(278,1949170730,12,44.5105942,11.3490625,'32TPQ8671231270',70.5962,1465919431),(279,1949170730,6,44.5105942,11.3490625,'32TPQ8671231270',1001.31,1465919435),(280,1949170730,100,44.5106107,11.3491061,'32TPQ8671631272',245,1465920126),(281,1949170730,5,44.5106107,11.3491061,'32TPQ8671631272',6,1465920126),(282,1949170730,13,44.5106107,11.3491061,'32TPQ8671631272',-4.90996,1465920126),(283,1949170730,12,44.5106107,11.3491061,'32TPQ8671631272',71.4617,1465920127),(284,1949170730,6,44.5106107,11.3491061,'32TPQ8671631272',949.024,1465920127),(285,1949170730,100,44.5106107,11.3491061,'32TPQ8671631272',245,1465920144),(286,1949170730,5,44.5106107,11.3491061,'32TPQ8671631272',4,1465920144),(287,1949170730,13,44.5106107,11.3491061,'32TPQ8671631272',-4.90996,1465920144),(288,1949170730,12,44.5106107,11.3491061,'32TPQ8671631272',71.4617,1465920144),(289,1949170730,6,44.5106107,11.3491061,'32TPQ8671631272',949.024,1465920144),(290,1949170730,6,44.5096438,11.3496526,'32TPQ8676231166',942.185,1465920706),(291,1949170730,100,44.5096438,11.3496526,'32TPQ8676231166',288,1465920706),(292,1949170730,5,44.5096438,11.3496526,'32TPQ8676231166',6,1465920706),(293,1949170730,13,44.5096438,11.3496526,'32TPQ8676231166',4.52632,1465920706),(294,1949170730,12,44.5096438,11.3496526,'32TPQ8676231166',57.8919,1465920706),(295,1949170730,6,44.5096438,11.3496526,'32TPQ8676231166',942.185,1465920706),(296,1949170730,12,44.5096438,11.3496526,'32TPQ8676231166',69.9437,1465920708),(297,1949170730,5,44.5096438,11.3496526,'32TPQ8676231166',6,1465920712),(298,1949170730,100,44.5106354,11.349085,'32TPQ8671431275',288,1465920716),(299,1949170730,13,44.5106354,11.349085,'32TPQ8671431275',4.52632,1465920719),(300,1949170730,5,44.5106354,11.349085,'32TPQ8671431275',6,1465920720),(301,1949170730,100,44.5106354,11.349085,'32TPQ8671431275',151,1465920734),(302,1949170730,5,44.5106354,11.349085,'32TPQ8671431275',6,1465920734),(303,1949170730,12,44.5106354,11.349085,'32TPQ8671431275',57.8919,1465920734),(304,1949170730,6,44.5106354,11.349085,'32TPQ8671431275',874.391,1465920734),(305,1949170730,13,44.5106354,11.349085,'32TPQ8671431275',4.52632,1465920734),(306,1949170730,13,44.5106218,11.3491365,'32TPQ8671831273',21.0818,1465920809),(307,1949170730,5,44.5106218,11.3491365,'32TPQ8671831273',4,1465920809),(308,1949170730,6,44.5106218,11.3491365,'32TPQ8671831273',989.535,1465920812),(309,1949170730,100,44.5106218,11.3491365,'32TPQ8671831273',374,1465920819),(310,1949170730,12,44.5106218,11.3491365,'32TPQ8671831273',62.4412,1465920820),(311,1949170730,100,44.5096438,11.3496526,'32TPQ8676231166',422,1465921066),(312,1949170730,5,44.5096438,11.3496526,'32TPQ8676231166',13,1465921066),(313,1949170730,13,44.5096438,11.3496526,'32TPQ8676231166',-7.83855,1465921066),(314,1949170730,12,44.5096438,11.3496526,'32TPQ8676231166',85.8361,1465921066),(315,1949170730,6,44.5096438,11.3496526,'32TPQ8676231166',1049.3,1465921066),(316,1949170730,13,44.5106211,11.3491099,'32TPQ8671631273',-2.67506,1465921084),(317,1949170730,5,44.5106211,11.3491099,'32TPQ8671631273',6,1465921085),(318,1949170730,12,44.5106211,11.3491099,'32TPQ8671631273',91.7564,1465921085),(319,1949170730,100,44.5106211,11.3491099,'32TPQ8671631273',353,1465921097),(320,1949170730,5,44.5106211,11.3491099,'32TPQ8671631273',6,1465921097),(321,1949170730,13,44.5106211,11.3491099,'32TPQ8671631273',-2.67506,1465921097),(322,1949170730,12,44.5106211,11.3491099,'32TPQ8671631273',91.7564,1465921097),(323,1949170730,6,44.5106211,11.3491099,'32TPQ8671631273',1067.27,1465921097),(324,1949170730,100,44.5106335,11.349106,'32TPQ8671631274',92,1465921167),(325,1949170730,5,44.5106335,11.349106,'32TPQ8671631274',6,1465921167),(326,1949170730,13,44.5106335,11.349106,'32TPQ8671631274',1.41716,1465921167),(327,1949170730,12,44.5106335,11.349106,'32TPQ8671631274',40.0217,1465921167),(328,1949170730,6,44.5106335,11.349106,'32TPQ8671631274',937.874,1465921167),(329,1949170730,100,44.5106335,11.349106,'32TPQ8671631274',92,1465921171),(330,1949170730,100,44.5106783,11.3491233,'32TPQ8671731279',403,1465921451),(331,1949170730,5,44.5106783,11.3491233,'32TPQ8671731279',6,1465921451),(332,1949170730,13,44.5106783,11.3491233,'32TPQ8671731279',-13.619,1465921451),(333,1949170730,12,44.5106783,11.3491233,'32TPQ8671731279',77.4542,1465921451),(334,1949170730,6,44.5106783,11.3491233,'32TPQ8671731279',981.787,1465921451),(335,1949170730,5,44.5106783,11.3491233,'32TPQ8671731279',4,1465921460),(336,1949170730,13,44.5106783,11.3491233,'32TPQ8671731279',-13.619,1465921460),(337,1949170730,12,44.5106783,11.3491233,'32TPQ8671731279',77.4542,1465921461),(338,1949170730,100,44.5111581,11.3461944,'32TPQ8648331326',284,1465922178),(339,1949170730,5,44.5111581,11.3461944,'32TPQ8648331326',11,1465922178),(340,1949170730,13,44.5111581,11.3461944,'32TPQ8648331326',20.6038,1465922178),(341,1949170730,12,44.5111581,11.3461944,'32TPQ8648331326',41.8408,1465922178),(342,1949170730,6,44.5111581,11.3461944,'32TPQ8648331326',946.033,1465922178),(343,1949170730,100,44.5111581,11.3461944,'32TPQ8648331326',284,1465922181),(344,1949170730,100,44.5106081,11.3490814,'32TPQ8671431272',239,1465922245),(345,1949170730,5,44.5106081,11.3490814,'32TPQ8671431272',8,1465922245),(346,1949170730,13,44.5106081,11.3490814,'32TPQ8671431272',-13.9188,1465922245),(347,1949170730,12,44.5106081,11.3490814,'32TPQ8671431272',63.4135,1465922245),(348,1949170730,6,44.5106081,11.3490814,'32TPQ8671431272',1041.76,1465922245),(349,1949170730,12,44.5106081,11.3490814,'32TPQ8671431272',63.4135,1465922248),(350,1949170730,100,44.5106278,11.3490939,'32TPQ8671531274',649,1465922306),(351,1949170730,5,44.5106278,11.3490939,'32TPQ8671531274',8,1465922306),(352,1949170730,13,44.5106278,11.3490939,'32TPQ8671531274',35.8521,1465922306),(353,1949170730,12,44.5106278,11.3490939,'32TPQ8671531274',86.8069,1465922306),(354,1949170730,6,44.5106278,11.3490939,'32TPQ8671531274',975.674,1465922306),(355,1949170730,100,44.5106278,11.3490939,'32TPQ8671531274',236,1465922358),(356,1949170730,5,44.5106278,11.3490939,'32TPQ8671531274',8,1465922359),(357,1949170730,13,44.5106278,11.3490939,'32TPQ8671531274',16.8204,1465922359),(358,1949170730,12,44.5106278,11.3490939,'32TPQ8671531274',78.6783,1465922359),(359,1949170730,6,44.5106278,11.3490939,'32TPQ8671531274',946.305,1465922359),(360,1949170730,100,44.5104348,11.3487078,'32TPQ8668531251',236,1465922370),(361,1949170730,5,44.5104348,11.3487078,'32TPQ8668531251',8,1465922370),(362,1949170730,13,44.5104348,11.3487078,'32TPQ8668531251',16.8204,1465922370),(363,1949170730,12,44.5104348,11.3487078,'32TPQ8668531251',78.6783,1465922370),(364,1949170730,6,44.5104348,11.3487078,'32TPQ8668531251',946.305,1465922370),(365,1949170730,5,44.5104348,11.3487078,'32TPQ8668531251',6,1465922383),(366,1949170730,13,44.5106126,11.349126,'32TPQ8671731272',17.1485,1465922436),(367,1949170730,6,44.5106126,11.349126,'32TPQ8671731272',877.792,1465922436),(368,1949170730,100,-1,-1,'30MYD2256289402',-1,1465922661),(369,1949170730,5,44.5106344,11.3491094,'32TPQ8671631275',8,1465922661),(370,1949170730,13,44.5106344,11.3491094,'32TPQ8671631275',6.12348,1465922661),(371,1949170730,12,44.5106344,11.3491094,'32TPQ8671631275',60.0024,1465922661),(372,1949170730,6,44.5106344,11.3491094,'32TPQ8671631275',927.899,1465922661),(373,1949170730,100,44.5106344,11.3491094,'32TPQ8671631275',190,1465922710),(374,1949170730,5,44.5106344,11.3491094,'32TPQ8671631275',8,1465922711),(375,1949170730,13,44.5106344,11.3491094,'32TPQ8671631275',32.0669,1465922711),(376,1949170730,12,44.5106344,11.3491094,'32TPQ8671631275',83.3149,1465922711),(377,1949170730,6,44.5106344,11.3491094,'32TPQ8671631275',927.899,1465922711),(378,1949170730,100,44.5106344,11.3491094,'32TPQ8671631275',348,1465922754),(379,1949170730,5,44.5106344,11.3491094,'32TPQ8671631275',6,1465922754),(380,1949170730,13,44.5106344,11.3491094,'32TPQ8671631275',30.5713,1465922754),(381,1949170730,12,44.5106344,11.3491094,'32TPQ8671631275',37.458,1465922754),(382,1949170730,6,44.5106344,11.3491094,'32TPQ8671631275',1011.93,1465922754),(383,1949170730,100,44.5106344,11.3491094,'32TPQ8671631275',251,1465922787),(384,1949170730,5,44.5106344,11.3491094,'32TPQ8671631275',8,1465922787),(385,1949170730,13,44.5106344,11.3491094,'32TPQ8671631275',4.48971,1465922787),(386,1949170730,12,44.5106344,11.3491094,'32TPQ8671631275',77.44,1465922787),(387,1949170730,6,44.5106344,11.3491094,'32TPQ8671631275',989.779,1465922787),(388,1949170730,100,44.5106344,11.3491094,'32TPQ8671631275',403,1465922847),(389,1949170730,5,44.5106344,11.3491094,'32TPQ8671631275',4,1465922847),(390,1949170730,13,44.5106344,11.3491094,'32TPQ8671631275',20.103,1465922847),(391,1949170730,12,44.5106344,11.3491094,'32TPQ8671631275',76.1783,1465922847),(392,1949170730,6,44.5106344,11.3491094,'32TPQ8671631275',909.175,1465922847),(393,1949170730,100,44.5106344,11.3491094,'32TPQ8671631275',644,1465922904),(394,1949170730,5,44.5106344,11.3491094,'32TPQ8671631275',4,1465922904),(395,1949170730,13,44.5106344,11.3491094,'32TPQ8671631275',-9.67042,1465922904),(396,1949170730,12,44.5106344,11.3491094,'32TPQ8671631275',92.5932,1465922904),(397,1949170730,6,44.5106344,11.3491094,'32TPQ8671631275',1001.31,1465922904),(398,1949170730,100,44.5106076,11.3490875,'32TPQ8671431272',330,1465922998),(399,1949170730,5,44.5106076,11.3490875,'32TPQ8671431272',6,1465922998),(400,1949170730,13,44.5106076,11.3490875,'32TPQ8671431272',-9.7875,1465922998),(401,1949170730,12,44.5106076,11.3490875,'32TPQ8671431272',47.6121,1465922998),(402,1949170730,6,44.5106076,11.3490875,'32TPQ8671431272',973.671,1465922998),(403,1949170730,100,44.5106176,11.3491039,'32TPQ8671631273',303,1465923037),(404,1949170730,5,44.5106176,11.3491039,'32TPQ8671631273',6,1465923037),(405,1949170730,13,44.5106176,11.3491039,'32TPQ8671631273',27.6593,1465923037),(406,1949170730,12,44.5106176,11.3491039,'32TPQ8671631273',47.9356,1465923037),(407,1949170730,6,44.5106176,11.3491039,'32TPQ8671631273',902.072,1465923037),(408,1949170730,100,44.5106176,11.3491039,'32TPQ8671631273',320,1465923167),(409,1949170730,5,44.5106176,11.3491039,'32TPQ8671631273',0,1465923168),(410,1949170730,13,44.5106176,11.3491039,'32TPQ8671631273',8.18558,1465923168),(411,1949170730,12,44.5106176,11.3491039,'32TPQ8671631273',32.5885,1465923168),(412,1949170730,6,44.5106176,11.3491039,'32TPQ8671631273',898.335,1465923168);
/*!40000 ALTER TABLE `all_sensor_data` ENABLE KEYS */;
UNLOCK TABLES;

--
-- Table structure for table `all_tel_data`
--

DROP TABLE IF EXISTS `all_tel_data`;
/*!40101 SET @saved_cs_client     = @@character_set_client */;
/*!40101 SET character_set_client = utf8 */;
CREATE TABLE `all_tel_data` (
  `id` int(11) NOT NULL AUTO_INCREMENT,
  `user` int(11) NOT NULL,
  `tech` text NOT NULL,
  `latitude` double NOT NULL,
  `longitude` double NOT NULL,
  `mgrs` text NOT NULL,
  `operator` text NOT NULL,
  `strength` int(11) NOT NULL,
  `timestamp` bigint(20) NOT NULL,
  PRIMARY KEY (`id`)
) ENGINE=InnoDB AUTO_INCREMENT=55 DEFAULT CHARSET=latin1;
/*!40101 SET character_set_client = @saved_cs_client */;

--
-- Dumping data for table `all_tel_data`
--

LOCK TABLES `all_tel_data` WRITE;
/*!40000 ALTER TABLE `all_tel_data` DISABLE KEYS */;
INSERT INTO `all_tel_data` VALUES (10,1949170730,'3G',44.5106093,11.3490281,'32TPQ8671031272','I WIND',-80,1465917667),(11,1949170730,'3G',44.5106093,11.3490281,'32TPQ8671031272','I WIND',-80,1465917774),(12,1949170730,'3G',44.5106093,11.3490281,'32TPQ8671031272','I WIND',-87,1465917819),(13,1949170730,'3G',44.5106093,11.3490281,'32TPQ8671031272','I WIND',-81,1465917847),(14,1949170730,'3G',44.5106093,11.3490281,'32TPQ8671031272','I WIND',-85,1465917923),(15,1949170730,'3G',44.5106093,11.3490281,'32TPQ8671031272','I WIND',-83,1465917982),(16,1949170730,'3G',44.5114388,11.346307,'32TPQ8649131357','I WIND',-81,1465918434),(17,1949170730,'3G',44.510622,11.3490248,'32TPQ8670931273','I WIND',-83,1465918459),(18,1949170730,'3G',44.510622,11.3490248,'32TPQ8670931273','I WIND',-81,1465918485),(19,1949170730,'3G',44.510622,11.3490248,'32TPQ8670931273','I WIND',-81,1465918490),(20,1949170730,'3G',44.510622,11.3490248,'32TPQ8670931273','I WIND',-86,1465918514),(21,1949170730,'3G',44.510622,11.3490248,'32TPQ8670931273','I WIND',-86,1465918517),(22,1949170730,'3G',44.510622,11.3490248,'32TPQ8670931273','I WIND',-86,1465918521),(23,1949170730,'3G',44.510622,11.3490248,'32TPQ8670931273','I WIND',-86,1465918524),(24,1949170730,'3G',44.5111581,11.3461944,'32TPQ8648331326','I WIND',-82,1465919107),(25,1949170730,'3G',44.5111581,11.3461944,'32TPQ8648331326','I WIND',-82,1465919165),(26,1949170730,'3G',44.5111581,11.3461944,'32TPQ8648331326','I WIND',-77,1465919234),(27,1949170730,'3G',44.5105942,11.3490625,'32TPQ8671231270','I WIND',-81,1465919307),(28,1949170730,'3G',44.5105942,11.3490625,'32TPQ8671231270','I WIND',-75,1465919364),(29,1949170730,'3G',44.5106107,11.3491061,'32TPQ8671631272','I WIND',-76,1465920126),(30,1949170730,'3G',44.5106107,11.3491061,'32TPQ8671631272','I WIND',-79,1465920144),(31,1949170730,'3G',44.5096438,11.3496526,'32TPQ8676231166','I WIND',-77,1465920706),(32,1949170730,'3G',44.5106354,11.349085,'32TPQ8671431275','I WIND',-77,1465920720),(33,1949170730,'3G',44.5106354,11.349085,'32TPQ8671431275','I WIND',-77,1465920720),(34,1949170730,'3G',44.5106354,11.349085,'32TPQ8671431275','I WIND',-77,1465920734),(35,1949170730,'3G',44.5104434,11.348724,'32TPQ8668631252','I WIND',-77,1465920829),(36,1949170730,'3G',44.5096438,11.3496526,'32TPQ8676231166','I WIND',-76,1465921066),(37,1949170730,'3G',44.5106211,11.3491099,'32TPQ8671631273','I WIND',-75,1465921097),(38,1949170730,'3G',44.5106335,11.349106,'32TPQ8671631274','I WIND',-75,1465921167),(39,1949170730,'3G',44.5106783,11.3491233,'32TPQ8671731279','I WIND',-79,1465921451),(40,1949170730,'3G',44.5111581,11.3461944,'32TPQ8648331326','I WIND',-74,1465922178),(41,1949170730,'3G',44.5106081,11.3490814,'32TPQ8671431272','I WIND',-83,1465922245),(42,1949170730,'3G',44.5106278,11.3490939,'32TPQ8671531274','I WIND',-82,1465922306),(43,1949170730,'3G',44.5106278,11.3490939,'32TPQ8671531274','I WIND',-82,1465922358),(44,1949170730,'3G',44.5104348,11.3487078,'32TPQ8668531251','I WIND',-82,1465922370),(45,1949170730,'3G',44.5106126,11.349126,'32TPQ8671731272','I WIND',-82,1465922447),(46,1949170730,'3G',44.5106344,11.3491094,'32TPQ8671631275','I WIND',-79,1465922661),(47,1949170730,'3G',44.5106344,11.3491094,'32TPQ8671631275','I WIND',-79,1465922711),(48,1949170730,'3G',44.5106344,11.3491094,'32TPQ8671631275','I WIND',-78,1465922754),(49,1949170730,'3G',44.5106344,11.3491094,'32TPQ8671631275','I WIND',-81,1465922787),(50,1949170730,'3G',44.5106344,11.3491094,'32TPQ8671631275','I WIND',-81,1465922847),(51,1949170730,'3G',44.5106344,11.3491094,'32TPQ8671631275','I WIND',-81,1465922904),(52,1949170730,'3G',44.5106076,11.3490875,'32TPQ8671431272','I WIND',-81,1465922998),(53,1949170730,'3G',44.5106176,11.3491039,'32TPQ8671631273','I WIND',-81,1465923037),(54,1949170730,'3G',44.5106176,11.3491039,'32TPQ8671631273','I WIND',-78,1465923168);
/*!40000 ALTER TABLE `all_tel_data` ENABLE KEYS */;
UNLOCK TABLES;

--
-- Table structure for table `all_wifi_data`
--

DROP TABLE IF EXISTS `all_wifi_data`;
/*!40101 SET @saved_cs_client     = @@character_set_client */;
/*!40101 SET character_set_client = utf8 */;
CREATE TABLE `all_wifi_data` (
  `id` int(11) NOT NULL AUTO_INCREMENT,
  `user` int(11) NOT NULL,
  `latitude` double NOT NULL,
  `longitude` double NOT NULL,
  `mgrs` text NOT NULL,
  `ssid` text NOT NULL,
  `bssid` text NOT NULL,
  `strength` int(11) NOT NULL,
  `timestamp` bigint(20) NOT NULL,
  PRIMARY KEY (`id`)
) ENGINE=InnoDB AUTO_INCREMENT=54 DEFAULT CHARSET=latin1;
/*!40101 SET character_set_client = @saved_cs_client */;

--
-- Dumping data for table `all_wifi_data`
--

LOCK TABLES `all_wifi_data` WRITE;
/*!40000 ALTER TABLE `all_wifi_data` DISABLE KEYS */;
INSERT INTO `all_wifi_data` VALUES (11,1949170730,44.5106093,11.3490281,'32TPQ8671031272','\"FollowTheWhiteRabbit\"','30:91:8f:7f:40:6b',-63,1465917667),(12,1949170730,44.5106093,11.3490281,'32TPQ8671031272','\"FollowTheWhiteRabbit\"','30:91:8f:7f:40:6b',-62,1465917774),(13,1949170730,44.5106093,11.3490281,'32TPQ8671031272','\"FollowTheWhiteRabbit\"','30:91:8f:7f:40:6b',-61,1465917819),(14,1949170730,44.5106093,11.3490281,'32TPQ8671031272','\"FollowTheWhiteRabbit\"','30:91:8f:7f:40:6b',-58,1465917847),(15,1949170730,44.5106093,11.3490281,'32TPQ8671031272','\"FollowTheWhiteRabbit\"','30:91:8f:7f:40:6b',-59,1465917923),(16,1949170730,44.5106093,11.3490281,'32TPQ8671031272','\"FollowTheWhiteRabbit\"','30:91:8f:7f:40:6b',-60,1465917982),(17,1949170730,44.5114388,11.346307,'32TPQ8649131357','\"FollowTheWhiteRabbit\"','30:91:8f:7f:40:6b',-58,1465918434),(18,1949170730,44.510622,11.3490248,'32TPQ8670931273','\"FollowTheWhiteRabbit\"','30:91:8f:7f:40:6b',-59,1465918459),(19,1949170730,44.510622,11.3490248,'32TPQ8670931273','\"FollowTheWhiteRabbit\"','30:91:8f:7f:40:6b',-59,1465918484),(20,1949170730,44.510622,11.3490248,'32TPQ8670931273','\"FollowTheWhiteRabbit\"','30:91:8f:7f:40:6b',-62,1465918490),(21,1949170730,44.510622,11.3490248,'32TPQ8670931273','\"FollowTheWhiteRabbit\"','30:91:8f:7f:40:6b',-58,1465918514),(22,1949170730,44.510622,11.3490248,'32TPQ8670931273','\"FollowTheWhiteRabbit\"','30:91:8f:7f:40:6b',-59,1465918517),(23,1949170730,44.510622,11.3490248,'32TPQ8670931273','\"FollowTheWhiteRabbit\"','30:91:8f:7f:40:6b',-58,1465918521),(24,1949170730,44.510622,11.3490248,'32TPQ8670931273','\"FollowTheWhiteRabbit\"','30:91:8f:7f:40:6b',-58,1465918524),(25,1949170730,44.5111581,11.3461944,'32TPQ8648331326','\"FollowTheWhiteRabbit\"','30:91:8f:7f:40:6b',-60,1465919073),(26,1949170730,44.5111581,11.3461944,'32TPQ8648331326','\"FollowTheWhiteRabbit\"','30:91:8f:7f:40:6b',-60,1465919167),(27,1949170730,44.5105942,11.3490625,'32TPQ8671231270','\"FollowTheWhiteRabbit\"','30:91:8f:7f:40:6b',-59,1465919253),(28,1949170730,44.5105942,11.3490625,'32TPQ8671231270','\"FollowTheWhiteRabbit\"','30:91:8f:7f:40:6b',-59,1465919337),(29,1949170730,44.5105942,11.3490625,'32TPQ8671231270','\"FollowTheWhiteRabbit\"','30:91:8f:7f:40:6b',-68,1465919420),(30,1949170730,44.5106107,11.3491061,'32TPQ8671631272','\"FollowTheWhiteRabbit\"','30:91:8f:7f:40:6b',-63,1465920126),(31,1949170730,44.5106107,11.3491061,'32TPQ8671631272','\"FollowTheWhiteRabbit\"','30:91:8f:7f:40:6b',-59,1465920144),(32,1949170730,44.5096438,11.3496526,'32TPQ8676231166','\"FollowTheWhiteRabbit\"','30:91:8f:7f:40:6b',-59,1465920706),(33,1949170730,44.5106354,11.349085,'32TPQ8671431275','\"FollowTheWhiteRabbit\"','30:91:8f:7f:40:6b',-57,1465920721),(34,1949170730,44.5106354,11.349085,'32TPQ8671431275','\"FollowTheWhiteRabbit\"','30:91:8f:7f:40:6b',-59,1465920734),(35,1949170730,44.5096438,11.3496526,'32TPQ8676231166','\"FollowTheWhiteRabbit\"','30:91:8f:7f:40:6b',-61,1465921035),(36,1949170730,44.5096438,11.3496526,'32TPQ8676231166','\"FollowTheWhiteRabbit\"','30:91:8f:7f:40:6b',-60,1465921066),(37,1949170730,44.5106211,11.3491099,'32TPQ8671631273','\"FollowTheWhiteRabbit\"','30:91:8f:7f:40:6b',-57,1465921097),(38,1949170730,44.5106335,11.349106,'32TPQ8671631274','\"FollowTheWhiteRabbit\"','30:91:8f:7f:40:6b',-61,1465921167),(39,1949170730,44.5106783,11.3491233,'32TPQ8671731279','\"FollowTheWhiteRabbit\"','30:91:8f:7f:40:6b',-59,1465921451),(40,1949170730,44.5111581,11.3461944,'32TPQ8648331326','\"FollowTheWhiteRabbit\"','30:91:8f:7f:40:6b',-60,1465922178),(41,1949170730,44.5106081,11.3490814,'32TPQ8671431272','\"FollowTheWhiteRabbit\"','30:91:8f:7f:40:6b',-60,1465922245),(42,1949170730,44.5106278,11.3490939,'32TPQ8671531274','\"FollowTheWhiteRabbit\"','30:91:8f:7f:40:6b',-58,1465922306),(43,1949170730,44.5106278,11.3490939,'32TPQ8671531274','\"FollowTheWhiteRabbit\"','30:91:8f:7f:40:6b',-57,1465922358),(44,1949170730,44.5104348,11.3487078,'32TPQ8668531251','\"FollowTheWhiteRabbit\"','30:91:8f:7f:40:6b',-58,1465922370),(45,1949170730,44.5106344,11.3491094,'32TPQ8671631275','\"FollowTheWhiteRabbit\"','30:91:8f:7f:40:6b',-58,1465922661),(46,1949170730,44.5106344,11.3491094,'32TPQ8671631275','\"FollowTheWhiteRabbit\"','30:91:8f:7f:40:6b',-60,1465922710),(47,1949170730,44.5106344,11.3491094,'32TPQ8671631275','\"FollowTheWhiteRabbit\"','30:91:8f:7f:40:6b',-60,1465922754),(48,1949170730,44.5106344,11.3491094,'32TPQ8671631275','\"FollowTheWhiteRabbit\"','30:91:8f:7f:40:6b',-59,1465922787),(49,1949170730,44.5106344,11.3491094,'32TPQ8671631275','\"FollowTheWhiteRabbit\"','30:91:8f:7f:40:6b',-60,1465922847),(50,1949170730,44.5106344,11.3491094,'32TPQ8671631275','\"FollowTheWhiteRabbit\"','30:91:8f:7f:40:6b',-59,1465922904),(51,1949170730,44.5106076,11.3490875,'32TPQ8671431272','\"FollowTheWhiteRabbit\"','30:91:8f:7f:40:6b',-58,1465922998),(52,1949170730,44.5106176,11.3491039,'32TPQ8671631273','\"FollowTheWhiteRabbit\"','30:91:8f:7f:40:6b',-58,1465923037),(53,1949170730,44.5106176,11.3491039,'32TPQ8671631273','\"FollowTheWhiteRabbit\"','30:91:8f:7f:40:6b',-57,1465923168);
/*!40000 ALTER TABLE `all_wifi_data` ENABLE KEYS */;
UNLOCK TABLES;

--
-- Table structure for table `rules`
--

DROP TABLE IF EXISTS `rules`;
/*!40101 SET @saved_cs_client     = @@character_set_client */;
/*!40101 SET character_set_client = utf8 */;
CREATE TABLE `rules` (
  `id` int(11) NOT NULL AUTO_INCREMENT,
  `type` int(11) NOT NULL,
  `name` text,
  `mgrs_area` text NOT NULL,
  `granularity` int(11) NOT NULL COMMENT 'filter mgrs',
  `expire_count` int(11) NOT NULL,
  `expire_time` bigint(20) NOT NULL,
  `sample_time` int(11) NOT NULL COMMENT 'seconds',
  `timestamp` bigint(20) NOT NULL COMMENT 'submission date',
  PRIMARY KEY (`id`)
) ENGINE=InnoDB AUTO_INCREMENT=21 DEFAULT CHARSET=latin1;
/*!40101 SET character_set_client = @saved_cs_client */;

--
-- Dumping data for table `rules`
--

LOCK TABLES `rules` WRITE;
/*!40000 ALTER TABLE `rules` DISABLE KEYS */;
INSERT INTO `rules` VALUES (1,5,'Default Light','32TPQ8628029570',1,999999999,999999999999999999,3600,1465913543),(2,5,'Default Light','32TPQ8608030650',1,999999999,999999999999999999,3600,1465913543),(3,6,'Default Pressure','32TPQ8628029570',2,999999999,999999999999999999,7200,1465913543),(4,6,'Default Pressure','32TPQ8608030650',2,999999999,999999999999999999,7200,1465913543),(5,12,'Default Humidity','32TPQ8628029570',3,999999999,999999999999999999,1800,1465913543),(6,12,'Default Humidity','32TPQ8608030650',3,999999999,999999999999999999,1800,1465913543),(7,13,'Default Temperature','32TPQ8628029570',3,999999999,999999999999999999,3600,1465913543),(8,13,'Default Temperature','32TPQ8608030650',3,999999999,999999999999999999,3600,1465913543),(9,100,'Default Audio','32TPQ8628029570',4,999999999,999999999999999999,1800,1465913543),(10,100,'Default Audio','32TPQ8608030650',4,999999999,999999999999999999,1800,1465913543),(11,101,'Default WiFi','32TPQ8628029570',5,999999999,999999999999999999,3600,1465913543),(12,101,'Default WiFi','32TPQ8608030650',5,999999999,999999999999999999,3600,1465913543),(13,102,'Default Tel','32TPQ8628029570',4,999999999,999999999999999999,7200,1465913543),(14,102,'Default Tel','32TPQ8608030650',4,999999999,999999999999999999,7200,1465913543),(15,102,'Default Tel','32TPQ8666031210',2,999999999,999999999999999999,7200,1465913543),(16,100,'Default Audio','32TPQ8666031210',3,999999999,999999999999999999,1800,1465913543),(17,5,'Default Light','32TPQ8608030650',1,999999999,999999999999999999,1800,1465913543),(18,5,'Default Light','32TPQ8608030650',0,999999999,999999999999999999,3600,1465913543),(19,5,'Default Light','32TPQ8671431272',3,999999999,999999999999999999,3600,1465913543),(20,102,'Default Tel','32TPQ8666031210',2,999999999,999999999999999999,3600,1465913543);
/*!40000 ALTER TABLE `rules` ENABLE KEYS */;
UNLOCK TABLES;

--
-- Table structure for table `sensors`
--

DROP TABLE IF EXISTS `sensors`;
/*!40101 SET @saved_cs_client     = @@character_set_client */;
/*!40101 SET character_set_client = utf8 */;
CREATE TABLE `sensors` (
  `type` int(11) NOT NULL,
  `name` text NOT NULL,
  `mgrs_filter` int(11) NOT NULL,
  PRIMARY KEY (`type`)
) ENGINE=InnoDB DEFAULT CHARSET=latin1;
/*!40101 SET character_set_client = @saved_cs_client */;

--
-- Dumping data for table `sensors`
--

LOCK TABLES `sensors` WRITE;
/*!40000 ALTER TABLE `sensors` DISABLE KEYS */;
INSERT INTO `sensors` VALUES (5,'Light',4),(6,'Pressure',2),(12,'Humidity',3),(13,'Temperature',3),(100,'Audio Amplitude',4),(101,'WiFi',5),(102,'Tel',4);
/*!40000 ALTER TABLE `sensors` ENABLE KEYS */;
UNLOCK TABLES;
/*!40103 SET TIME_ZONE=@OLD_TIME_ZONE */;

/*!40101 SET SQL_MODE=@OLD_SQL_MODE */;
/*!40014 SET FOREIGN_KEY_CHECKS=@OLD_FOREIGN_KEY_CHECKS */;
/*!40014 SET UNIQUE_CHECKS=@OLD_UNIQUE_CHECKS */;
/*!40101 SET CHARACTER_SET_CLIENT=@OLD_CHARACTER_SET_CLIENT */;
/*!40101 SET CHARACTER_SET_RESULTS=@OLD_CHARACTER_SET_RESULTS */;
/*!40101 SET COLLATION_CONNECTION=@OLD_COLLATION_CONNECTION */;
/*!40111 SET SQL_NOTES=@OLD_SQL_NOTES */;

-- Dump completed on 2016-06-14 16:54:46
