-- MySQL dump 10.13  Distrib 5.5.47, for debian-linux-gnu (x86_64)
--
-- Host: localhost    Database: crowdroid
-- ------------------------------------------------------
-- Server version	5.5.47-0ubuntu0.14.04.1

/*!40101 SET @OLD_CHARACTER_SET_CLIENT=@@CHARACTER_SET_CLIENT */;
/*!40101 SET @OLD_CHARACTER_SET_RESULTS=@@CHARACTER_SET_RESULTS */;
/*!40101 SET @OLD_COLLATION_CONNECTION=@@COLLATION_CONNECTION */;
/*!40101 SET NAMES utf8 */;
/*!40103 SET @OLD_TIME_ZONE=@@TIME_ZONE */;
/*!40103 SET TIME_ZONE='+00:00' */;
/*!40014 SET @OLD_UNIQUE_CHECKS=@@UNIQUE_CHECKS, UNIQUE_CHECKS=0 */;
/*!40014 SET @OLD_FOREIGN_KEY_CHECKS=@@FOREIGN_KEY_CHECKS, FOREIGN_KEY_CHECKS=0 */;
/*!40101 SET @OLD_SQL_MODE=@@SQL_MODE, SQL_MODE='NO_AUTO_VALUE_ON_ZERO' */;
/*!40111 SET @OLD_SQL_NOTES=@@SQL_NOTES, SQL_NOTES=0 */;

--
-- Table structure for table `all_sensor_data`
--

DROP TABLE IF EXISTS `all_sensor_data`;
/*!40101 SET @saved_cs_client     = @@character_set_client */;
/*!40101 SET character_set_client = utf8 */;
CREATE TABLE `all_sensor_data` (
  `id` int(11) NOT NULL AUTO_INCREMENT,
  `user` int(11) NOT NULL,
  `type` int(11) NOT NULL,
  `latitude` double NOT NULL,
  `longitude` double NOT NULL,
  `mgrs` text NOT NULL,
  `value` float NOT NULL,
  `timestamp` bigint(20) NOT NULL,
  PRIMARY KEY (`id`)
) ENGINE=InnoDB AUTO_INCREMENT=177 DEFAULT CHARSET=latin1;
/*!40101 SET character_set_client = @saved_cs_client */;

--
-- Dumping data for table `all_sensor_data`
--

LOCK TABLES `all_sensor_data` WRITE;
/*!40000 ALTER TABLE `all_sensor_data` DISABLE KEYS */;
INSERT INTO `all_sensor_data` VALUES (142,1949170730,100,44.510545,11.348999,'32TPQ8670731264',697,1465851044),(143,1949170730,5,44.510545,11.348999,'32TPQ8670731264',2,1465851044),(144,1949170730,13,44.510545,11.348999,'32TPQ8670731264',-2.4801,1465851044),(145,1949170730,12,44.510545,11.348999,'32TPQ8670731264',80.6075,1465851044),(146,1949170730,6,44.510545,11.348999,'32TPQ8670731264',1003.83,1465851044),(147,1949170730,100,44.510545,11.348999,'32TPQ8670731264',697,1465851045),(148,1949170730,5,44.510545,11.348999,'32TPQ8670731264',2,1465851045),(149,1949170730,6,44.510545,11.348999,'32TPQ8670731264',1003.83,1465851045),(150,1949170730,12,44.510545,11.348999,'32TPQ8670731264',80.6075,1465851045),(151,1949170730,13,44.510545,11.348999,'32TPQ8670731264',-2.4801,1465851045),(152,1949170730,100,44.510545,11.348999,'32TPQ8670731264',697,1465851047),(153,1949170730,5,44.510545,11.348999,'32TPQ8670731264',2,1465851047),(154,1949170730,13,44.510545,11.348999,'32TPQ8670731264',-2.4801,1465851047),(155,1949170730,12,44.510545,11.348999,'32TPQ8670731264',80.6075,1465851047),(156,1949170730,6,44.510545,11.348999,'32TPQ8670731264',1003.83,1465851047),(157,1949170730,100,44.510545,11.348999,'32TPQ8670731264',319,1465851312),(158,1949170730,5,44.510545,11.348999,'32TPQ8670731264',4,1465851312),(159,1949170730,13,44.510545,11.348999,'32TPQ8670731264',-19.6023,1465851313),(160,1949170730,12,44.510545,11.348999,'32TPQ8670731264',55.9012,1465851313),(161,1949170730,6,44.510545,11.348999,'32TPQ8670731264',1048.02,1465851313),(162,1949170730,13,44.5106153,11.3490606,'32TPQ8671231272',12.6613,1465911986),(163,1949170730,12,44.5106153,11.3490606,'32TPQ8671231272',42.6148,1465911986),(164,1949170730,5,44.5106153,11.3490606,'32TPQ8671231272',11,1465911986),(165,1949170730,6,44.5106153,11.3490606,'32TPQ8671231272',1071.46,1465911987),(166,1949170730,100,44.5106153,11.3490606,'32TPQ8671231272',188,1465911988),(167,1949170730,100,44.5106153,11.3490606,'32TPQ8671231272',141,1465912021),(168,1949170730,5,44.5106153,11.3490606,'32TPQ8671231272',11,1465912021),(169,1949170730,13,44.5106153,11.3490606,'32TPQ8671231272',-15.3946,1465912021),(170,1949170730,12,44.5106153,11.3490606,'32TPQ8671231272',69.2901,1465912021),(171,1949170730,6,44.5106153,11.3490606,'32TPQ8671231272',903.005,1465912021),(172,1949170730,100,44.5106153,11.3490606,'32TPQ8671231272',204,1465912064),(173,1949170730,5,44.5106153,11.3490606,'32TPQ8671231272',8,1465912065),(174,1949170730,13,44.5106153,11.3490606,'32TPQ8671231272',3.468,1465912065),(175,1949170730,12,44.5106153,11.3490606,'32TPQ8671231272',69.3197,1465912065),(176,1949170730,6,44.5106153,11.3490606,'32TPQ8671231272',971.852,1465912065);
/*!40000 ALTER TABLE `all_sensor_data` ENABLE KEYS */;
UNLOCK TABLES;

--
-- Table structure for table `all_tel_data`
--

DROP TABLE IF EXISTS `all_tel_data`;
/*!40101 SET @saved_cs_client     = @@character_set_client */;
/*!40101 SET character_set_client = utf8 */;
CREATE TABLE `all_tel_data` (
  `id` int(11) NOT NULL AUTO_INCREMENT,
  `user` int(11) NOT NULL,
  `tech` text NOT NULL,
  `latitude` double NOT NULL,
  `longitude` double NOT NULL,
  `mgrs` text NOT NULL,
  `operator` text NOT NULL,
  `strength` int(11) NOT NULL,
  `timestamp` bigint(20) NOT NULL,
  PRIMARY KEY (`id`)
) ENGINE=InnoDB AUTO_INCREMENT=9 DEFAULT CHARSET=latin1;
/*!40101 SET character_set_client = @saved_cs_client */;

--
-- Dumping data for table `all_tel_data`
--

LOCK TABLES `all_tel_data` WRITE;
/*!40000 ALTER TABLE `all_tel_data` DISABLE KEYS */;
INSERT INTO `all_tel_data` VALUES (2,1949170730,'3G',44.510545,11.348999,'32TPQ8670731264','I WIND',-79,1465851044),(3,1949170730,'3G',44.510545,11.348999,'32TPQ8670731264','I WIND',-79,1465851045),(4,1949170730,'3G',44.510545,11.348999,'32TPQ8670731264','I WIND',-79,1465851047),(5,1949170730,'3G',44.510545,11.348999,'32TPQ8670731264','I WIND',-77,1465851312),(6,1949170730,'3G',44.5106153,11.3490606,'32TPQ8671231272','I WIND',-78,1465911987),(7,1949170730,'3G',44.5106153,11.3490606,'32TPQ8671231272','I WIND',-81,1465912021),(8,1949170730,'3G',44.5106153,11.3490606,'32TPQ8671231272','I WIND',-81,1465912065);
/*!40000 ALTER TABLE `all_tel_data` ENABLE KEYS */;
UNLOCK TABLES;

--
-- Table structure for table `all_wifi_data`
--

DROP TABLE IF EXISTS `all_wifi_data`;
/*!40101 SET @saved_cs_client     = @@character_set_client */;
/*!40101 SET character_set_client = utf8 */;
CREATE TABLE `all_wifi_data` (
  `id` int(11) NOT NULL AUTO_INCREMENT,
  `user` int(11) NOT NULL,
  `latitude` double NOT NULL,
  `longitude` double NOT NULL,
  `mgrs` text NOT NULL,
  `ssid` text NOT NULL,
  `bssid` text NOT NULL,
  `strength` int(11) NOT NULL,
  `timestamp` bigint(20) NOT NULL,
  PRIMARY KEY (`id`)
) ENGINE=InnoDB AUTO_INCREMENT=10 DEFAULT CHARSET=latin1;
/*!40101 SET character_set_client = @saved_cs_client */;

--
-- Dumping data for table `all_wifi_data`
--

LOCK TABLES `all_wifi_data` WRITE;
/*!40000 ALTER TABLE `all_wifi_data` DISABLE KEYS */;
INSERT INTO `all_wifi_data` VALUES (3,1949170730,44.510545,11.348999,'32TPQ8670731264','\"FollowTheWhiteRabbit\"','30:91:8f:7f:40:6b',-65,1465851044),(4,1949170730,44.510545,11.348999,'32TPQ8670731264','\"FollowTheWhiteRabbit\"','30:91:8f:7f:40:6b',-67,1465851045),(5,1949170730,44.510545,11.348999,'32TPQ8670731264','\"FollowTheWhiteRabbit\"','30:91:8f:7f:40:6b',-67,1465851047),(6,1949170730,44.510545,11.348999,'32TPQ8670731264','\"FollowTheWhiteRabbit\"','30:91:8f:7f:40:6b',-63,1465851312),(7,1949170730,44.5106153,11.3490606,'32TPQ8671231272','\"FollowTheWhiteRabbit\"','30:91:8f:7f:40:6b',-59,1465911986),(8,1949170730,44.5106153,11.3490606,'32TPQ8671231272','\"FollowTheWhiteRabbit\"','30:91:8f:7f:40:6b',-63,1465912021),(9,1949170730,44.5106153,11.3490606,'32TPQ8671231272','\"FollowTheWhiteRabbit\"','30:91:8f:7f:40:6b',-62,1465912065);
/*!40000 ALTER TABLE `all_wifi_data` ENABLE KEYS */;
UNLOCK TABLES;

--
-- Table structure for table `rules`
--

DROP TABLE IF EXISTS `rules`;
/*!40101 SET @saved_cs_client     = @@character_set_client */;
/*!40101 SET character_set_client = utf8 */;
CREATE TABLE `rules` (
  `id` int(11) NOT NULL AUTO_INCREMENT,
  `type` int(11) NOT NULL,
  `name` text,
  `mgrs_area` text NOT NULL,
  `granularity` int(11) NOT NULL COMMENT 'filter mgrs',
  `expire_count` int(11) NOT NULL,
  `expire_time` bigint(20) NOT NULL,
  `sample_time` int(11) NOT NULL COMMENT 'seconds',
  `timestamp` bigint(20) NOT NULL COMMENT 'submission date',
  PRIMARY KEY (`id`)
) ENGINE=InnoDB AUTO_INCREMENT=15 DEFAULT CHARSET=latin1;
/*!40101 SET character_set_client = @saved_cs_client */;

--
-- Dumping data for table `rules`
--

LOCK TABLES `rules` WRITE;
/*!40000 ALTER TABLE `rules` DISABLE KEYS */;
INSERT INTO `rules` VALUES (1,5,'Default Light','32TPQ8628029570',1,999999999,999999999999999999,3600,1465913543),(2,5,'Default Light','32TPQ8608030650',1,999999999,999999999999999999,3600,1465913543),(3,6,'Default Pressure','32TPQ8628029570',2,999999999,999999999999999999,7200,1465913543),(4,6,'Default Pressure','32TPQ8608030650',2,999999999,999999999999999999,7200,1465913543),(5,12,'Default Humidity','32TPQ8628029570',3,999999999,999999999999999999,1800,1465913543),(6,12,'Default Humidity','32TPQ8608030650',3,999999999,999999999999999999,1800,1465913543),(7,13,'Default Temperature','32TPQ8628029570',3,999999999,999999999999999999,3600,1465913543),(8,13,'Default Temperature','32TPQ8608030650',3,999999999,999999999999999999,3600,1465913543),(9,100,'Default Audio','32TPQ8628029570',4,999999999,999999999999999999,1800,1465913543),(10,100,'Default Audio','32TPQ8608030650',4,999999999,999999999999999999,1800,1465913543),(11,101,'Default WiFi','32TPQ8628029570',5,999999999,999999999999999999,3600,1465913543),(12,101,'Default WiFi','32TPQ8608030650',5,999999999,999999999999999999,3600,1465913543),(13,102,'Default Tel','32TPQ8628029570',4,999999999,999999999999999999,7200,1465913543),(14,102,'Default Tel','32TPQ8608030650',4,999999999,999999999999999999,7200,1465913543);
/*!40000 ALTER TABLE `rules` ENABLE KEYS */;
UNLOCK TABLES;

--
-- Table structure for table `sensors`
--

DROP TABLE IF EXISTS `sensors`;
/*!40101 SET @saved_cs_client     = @@character_set_client */;
/*!40101 SET character_set_client = utf8 */;
CREATE TABLE `sensors` (
  `type` int(11) NOT NULL,
  `name` text NOT NULL,
  `mgrs_filter` int(11) NOT NULL,
  PRIMARY KEY (`type`)
) ENGINE=InnoDB DEFAULT CHARSET=latin1;
/*!40101 SET character_set_client = @saved_cs_client */;

--
-- Dumping data for table `sensors`
--

LOCK TABLES `sensors` WRITE;
/*!40000 ALTER TABLE `sensors` DISABLE KEYS */;
INSERT INTO `sensors` VALUES (5,'Light',4),(6,'Pressure',2),(12,'Humidity',3),(13,'Temperature',3),(100,'Audio Amplitude',4),(101,'WiFi',5),(102,'Tel',4);
/*!40000 ALTER TABLE `sensors` ENABLE KEYS */;
UNLOCK TABLES;
/*!40103 SET TIME_ZONE=@OLD_TIME_ZONE */;

/*!40101 SET SQL_MODE=@OLD_SQL_MODE */;
/*!40014 SET FOREIGN_KEY_CHECKS=@OLD_FOREIGN_KEY_CHECKS */;
/*!40014 SET UNIQUE_CHECKS=@OLD_UNIQUE_CHECKS */;
/*!40101 SET CHARACTER_SET_CLIENT=@OLD_CHARACTER_SET_CLIENT */;
/*!40101 SET CHARACTER_SET_RESULTS=@OLD_CHARACTER_SET_RESULTS */;
/*!40101 SET COLLATION_CONNECTION=@OLD_COLLATION_CONNECTION */;
/*!40111 SET SQL_NOTES=@OLD_SQL_NOTES */;

-- Dump completed on 2016-06-14 14:31:01
