-- phpMyAdmin SQL Dump
-- version 3.4.11.1deb2+deb7u4
-- http://www.phpmyadmin.net
--
-- Host: localhost
-- Generation Time: Jun 19, 2016 at 12:41 PM
-- Server version: 5.5.49
-- PHP Version: 5.4.45-0+deb7u3

SET SQL_MODE="NO_AUTO_VALUE_ON_ZERO";
SET time_zone = "+00:00";


/*!40101 SET @OLD_CHARACTER_SET_CLIENT=@@CHARACTER_SET_CLIENT */;
/*!40101 SET @OLD_CHARACTER_SET_RESULTS=@@CHARACTER_SET_RESULTS */;
/*!40101 SET @OLD_COLLATION_CONNECTION=@@COLLATION_CONNECTION */;
/*!40101 SET NAMES utf8 */;

--
-- Database: `my1605`
--

-- --------------------------------------------------------

--
-- Table structure for table `all_sensor_data`
--

CREATE TABLE IF NOT EXISTS `all_sensor_data` (
  `id` int(11) NOT NULL AUTO_INCREMENT,
  `user` int(11) NOT NULL,
  `type` int(11) NOT NULL,
  `latitude` double NOT NULL,
  `longitude` double NOT NULL,
  `mgrs` text NOT NULL,
  `value` float NOT NULL,
  `timestamp` bigint(20) NOT NULL,
  PRIMARY KEY (`id`)
) ENGINE=InnoDB  DEFAULT CHARSET=latin1 AUTO_INCREMENT=865 ;

--
-- Dumping data for table `all_sensor_data`
--

INSERT INTO `all_sensor_data` (`id`, `user`, `type`, `latitude`, `longitude`, `mgrs`, `value`, `timestamp`) VALUES
(182, 1949170730, 100, 44.5106093, 11.3490281, '32TPQ8671031272', 323, 1465917667),
(183, 1949170730, 5, 44.5106093, 11.3490281, '32TPQ8671031272', 8, 1465917667),
(184, 1949170730, 13, 44.5106093, 11.3490281, '32TPQ8671031272', 41.1037, 1465917667),
(185, 1949170730, 12, 44.5106093, 11.3490281, '32TPQ8671031272', 37.4914, 1465917668),
(186, 1949170730, 6, 44.5106093, 11.3490281, '32TPQ8671031272', 1005.38, 1465917668),
(187, 1949170730, 100, 44.5106093, 11.3490281, '32TPQ8671031272', 296, 1465917771),
(188, 1949170730, 12, 44.5106093, 11.3490281, '32TPQ8671031272', 75.102, 1465917773),
(189, 1949170730, 13, 44.5106093, 11.3490281, '32TPQ8671031272', 27.5507, 1465917773),
(190, 1949170730, 5, 44.5106093, 11.3490281, '32TPQ8671031272', 6, 1465917774),
(191, 1949170730, 6, 44.5106093, 11.3490281, '32TPQ8671031272', 911.437, 1465917774),
(192, 1949170730, 100, 44.5106093, 11.3490281, '32TPQ8671031272', 294, 1465917819),
(193, 1949170730, 5, 44.5106093, 11.3490281, '32TPQ8671031272', 8, 1465917819),
(194, 1949170730, 13, 44.5106093, 11.3490281, '32TPQ8671031272', 33.5586, 1465917819),
(195, 1949170730, 12, 44.5106093, 11.3490281, '32TPQ8671031272', 33.6376, 1465917819),
(196, 1949170730, 6, 44.5106093, 11.3490281, '32TPQ8671031272', 952.935, 1465917819),
(197, 1949170730, 100, 44.5106093, 11.3490281, '32TPQ8671031272', 342, 1465917847),
(198, 1949170730, 5, 44.5106093, 11.3490281, '32TPQ8671031272', 8, 1465917847),
(199, 1949170730, 12, 44.5106093, 11.3490281, '32TPQ8671031272', 38.3953, 1465917847),
(200, 1949170730, 13, 44.5106093, 11.3490281, '32TPQ8671031272', 33.5586, 1465917847),
(201, 1949170730, 6, 44.5106093, 11.3490281, '32TPQ8671031272', 883.266, 1465917847),
(202, 1949170730, 100, 44.5106093, 11.3490281, '32TPQ8671031272', 405, 1465917923),
(203, 1949170730, 5, 44.5106093, 11.3490281, '32TPQ8671031272', 11, 1465917923),
(204, 1949170730, 13, 44.5106093, 11.3490281, '32TPQ8671031272', 31.4859, 1465917923),
(205, 1949170730, 12, 44.5106093, 11.3490281, '32TPQ8671031272', 85.4393, 1465917923),
(206, 1949170730, 6, 44.5106093, 11.3490281, '32TPQ8671031272', 918.739, 1465917923),
(207, 1949170730, 100, 44.5106093, 11.3490281, '32TPQ8671031272', 116, 1465917982),
(208, 1949170730, 5, 44.5106093, 11.3490281, '32TPQ8671031272', 8, 1465917982),
(209, 1949170730, 13, 44.5106093, 11.3490281, '32TPQ8671031272', 40.6634, 1465917982),
(210, 1949170730, 12, 44.5106093, 11.3490281, '32TPQ8671031272', 33.1375, 1465917982),
(211, 1949170730, 6, 44.5106093, 11.3490281, '32TPQ8671031272', 1009.76, 1465917982),
(212, 1949170730, 100, 44.5114388, 11.346307, '32TPQ8649131357', 320, 1465918434),
(213, 1949170730, 5, 44.5114388, 11.346307, '32TPQ8649131357', 0, 1465918434),
(214, 1949170730, 13, 44.5114388, 11.346307, '32TPQ8649131357', -9.48725, 1465918435),
(215, 1949170730, 12, 44.5114388, 11.346307, '32TPQ8649131357', 87.79, 1465918435),
(216, 1949170730, 6, 44.5114388, 11.346307, '32TPQ8649131357', 954.894, 1465918435),
(217, 1949170730, 100, 44.510622, 11.3490248, '32TPQ8670931273', 424, 1465918459),
(218, 1949170730, 5, 44.510622, 11.3490248, '32TPQ8670931273', 4, 1465918459),
(219, 1949170730, 13, 44.510622, 11.3490248, '32TPQ8670931273', -9.48725, 1465918459),
(220, 1949170730, 12, 44.510622, 11.3490248, '32TPQ8670931273', 74.4503, 1465918459),
(221, 1949170730, 6, 44.510622, 11.3490248, '32TPQ8670931273', 898.514, 1465918459),
(222, 1949170730, 100, 44.510622, 11.3490248, '32TPQ8670931273', 423, 1465918484),
(223, 1949170730, 5, 44.510622, 11.3490248, '32TPQ8670931273', 6, 1465918485),
(224, 1949170730, 13, 44.510622, 11.3490248, '32TPQ8670931273', 38.2206, 1465918485),
(225, 1949170730, 12, 44.510622, 11.3490248, '32TPQ8670931273', 74.4503, 1465918485),
(226, 1949170730, 6, 44.510622, 11.3490248, '32TPQ8670931273', 1009.13, 1465918485),
(227, 1949170730, 100, 44.510622, 11.3490248, '32TPQ8670931273', 423, 1465918490),
(228, 1949170730, 5, 44.510622, 11.3490248, '32TPQ8670931273', 4, 1465918490),
(229, 1949170730, 13, 44.510622, 11.3490248, '32TPQ8670931273', 38.2206, 1465918490),
(230, 1949170730, 12, 44.510622, 11.3490248, '32TPQ8670931273', 31.7847, 1465918490),
(231, 1949170730, 6, 44.510622, 11.3490248, '32TPQ8670931273', 1009.13, 1465918490),
(232, 1949170730, 100, 44.510622, 11.3490248, '32TPQ8670931273', 749, 1465918514),
(233, 1949170730, 5, 44.510622, 11.3490248, '32TPQ8670931273', 4, 1465918514),
(234, 1949170730, 13, 44.510622, 11.3490248, '32TPQ8670931273', 12.5536, 1465918514),
(235, 1949170730, 12, 44.510622, 11.3490248, '32TPQ8670931273', 31.7847, 1465918514),
(236, 1949170730, 6, 44.510622, 11.3490248, '32TPQ8670931273', 1009.13, 1465918514),
(237, 1949170730, 100, 44.510622, 11.3490248, '32TPQ8670931273', 749, 1465918517),
(238, 1949170730, 5, 44.510622, 11.3490248, '32TPQ8670931273', 4, 1465918517),
(239, 1949170730, 13, 44.510622, 11.3490248, '32TPQ8670931273', 12.5536, 1465918518),
(240, 1949170730, 12, 44.510622, 11.3490248, '32TPQ8670931273', 45.0954, 1465918518),
(241, 1949170730, 6, 44.510622, 11.3490248, '32TPQ8670931273', 1009.13, 1465918518),
(242, 1949170730, 100, 44.510622, 11.3490248, '32TPQ8670931273', 749, 1465918521),
(243, 1949170730, 5, 44.510622, 11.3490248, '32TPQ8670931273', 4, 1465918521),
(244, 1949170730, 13, 44.510622, 11.3490248, '32TPQ8670931273', 12.5536, 1465918521),
(245, 1949170730, 12, 44.510622, 11.3490248, '32TPQ8670931273', 45.0954, 1465918521),
(246, 1949170730, 6, 44.510622, 11.3490248, '32TPQ8670931273', 1009.13, 1465918521),
(247, 1949170730, 100, 44.510622, 11.3490248, '32TPQ8670931273', 749, 1465918524),
(248, 1949170730, 5, 44.510622, 11.3490248, '32TPQ8670931273', 4, 1465918524),
(249, 1949170730, 13, 44.510622, 11.3490248, '32TPQ8670931273', 12.5536, 1465918524),
(250, 1949170730, 12, 44.510622, 11.3490248, '32TPQ8670931273', 45.0954, 1465918524),
(251, 1949170730, 6, 44.510622, 11.3490248, '32TPQ8670931273', 1009.13, 1465918524),
(252, 1949170730, 6, 44.5111581, 11.3461944, '32TPQ8648331326', 913.155, 1465919076),
(253, 1949170730, 13, 44.5111581, 11.3461944, '32TPQ8648331326', 36.6755, 1465919079),
(254, 1949170730, 5, 44.5111581, 11.3461944, '32TPQ8648331326', 6, 1465919080),
(255, 1949170730, 100, 44.5111581, 11.3461944, '32TPQ8648331326', 146, 1465919084),
(256, 1949170730, 12, 44.5111581, 11.3461944, '32TPQ8648331326', 46.9698, 1465919114),
(257, 1949170730, 6, 44.5111581, 11.3461944, '32TPQ8648331326', 1007.14, 1465919126),
(258, 1949170730, 5, 44.5111581, 11.3461944, '32TPQ8648331326', 6, 1465919144),
(259, 1949170730, 100, 44.5111581, 11.3461944, '32TPQ8648331326', 203, 1465919159),
(260, 1949170730, 13, 44.5111581, 11.3461944, '32TPQ8648331326', -7.41984, 1465919171),
(261, 1949170730, 5, 44.5111581, 11.3461944, '32TPQ8648331326', 8, 1465919195),
(262, 1949170730, 6, 44.5111581, 11.3461944, '32TPQ8648331326', 1083, 1465919197),
(263, 1949170730, 12, 44.5111581, 11.3461944, '32TPQ8648331326', 33.5249, 1465919207),
(264, 1949170730, 100, 44.5111581, 11.3461944, '32TPQ8648331326', 342, 1465919226),
(265, 1949170730, 13, 44.5105942, 11.3490625, '32TPQ8671231270', -10.8816, 1465919237),
(266, 1949170730, 5, 44.5105942, 11.3490625, '32TPQ8671231270', 4, 1465919285),
(267, 1949170730, 12, 44.5105942, 11.3490625, '32TPQ8671231270', 35.5361, 1465919286),
(268, 1949170730, 100, 44.5105942, 11.3490625, '32TPQ8671231270', 163, 1465919293),
(269, 1949170730, 6, 44.5105942, 11.3490625, '32TPQ8671231270', 994.91, 1465919295),
(270, 1949170730, 13, 44.5105942, 11.3490625, '32TPQ8671231270', 24.4373, 1465919306),
(271, 1949170730, 5, 44.5105942, 11.3490625, '32TPQ8671231270', 11, 1465919344),
(272, 1949170730, 100, 44.5105942, 11.3490625, '32TPQ8671231270', 126, 1465919348),
(273, 1949170730, 12, 44.5105942, 11.3490625, '32TPQ8671231270', 70.1713, 1465919363),
(274, 1949170730, 6, 44.5105942, 11.3490625, '32TPQ8671231270', 979.727, 1465919364),
(275, 1949170730, 13, 44.5105942, 11.3490625, '32TPQ8671231270', 5.96027, 1465919367),
(276, 1949170730, 100, 44.5105942, 11.3490625, '32TPQ8671231270', 525, 1465919426),
(277, 1949170730, 13, 44.5105942, 11.3490625, '32TPQ8671231270', -9.03697, 1465919430),
(278, 1949170730, 12, 44.5105942, 11.3490625, '32TPQ8671231270', 70.5962, 1465919431),
(279, 1949170730, 6, 44.5105942, 11.3490625, '32TPQ8671231270', 1001.31, 1465919435),
(280, 1949170730, 100, 44.5106107, 11.3491061, '32TPQ8671631272', 245, 1465920126),
(281, 1949170730, 5, 44.5106107, 11.3491061, '32TPQ8671631272', 6, 1465920126),
(282, 1949170730, 13, 44.5106107, 11.3491061, '32TPQ8671631272', -4.90996, 1465920126),
(283, 1949170730, 12, 44.5106107, 11.3491061, '32TPQ8671631272', 71.4617, 1465920127),
(284, 1949170730, 6, 44.5106107, 11.3491061, '32TPQ8671631272', 949.024, 1465920127),
(285, 1949170730, 100, 44.5106107, 11.3491061, '32TPQ8671631272', 245, 1465920144),
(286, 1949170730, 5, 44.5106107, 11.3491061, '32TPQ8671631272', 4, 1465920144),
(287, 1949170730, 13, 44.5106107, 11.3491061, '32TPQ8671631272', -4.90996, 1465920144),
(288, 1949170730, 12, 44.5106107, 11.3491061, '32TPQ8671631272', 71.4617, 1465920144),
(289, 1949170730, 6, 44.5106107, 11.3491061, '32TPQ8671631272', 949.024, 1465920144),
(290, 1949170730, 6, 44.5096438, 11.3496526, '32TPQ8676231166', 942.185, 1465920706),
(291, 1949170730, 100, 44.5096438, 11.3496526, '32TPQ8676231166', 288, 1465920706),
(292, 1949170730, 5, 44.5096438, 11.3496526, '32TPQ8676231166', 6, 1465920706),
(293, 1949170730, 13, 44.5096438, 11.3496526, '32TPQ8676231166', 4.52632, 1465920706),
(294, 1949170730, 12, 44.5096438, 11.3496526, '32TPQ8676231166', 57.8919, 1465920706),
(295, 1949170730, 6, 44.5096438, 11.3496526, '32TPQ8676231166', 942.185, 1465920706),
(296, 1949170730, 12, 44.5096438, 11.3496526, '32TPQ8676231166', 69.9437, 1465920708),
(297, 1949170730, 5, 44.5096438, 11.3496526, '32TPQ8676231166', 6, 1465920712),
(298, 1949170730, 100, 44.5106354, 11.349085, '32TPQ8671431275', 288, 1465920716),
(299, 1949170730, 13, 44.5106354, 11.349085, '32TPQ8671431275', 4.52632, 1465920719),
(300, 1949170730, 5, 44.5106354, 11.349085, '32TPQ8671431275', 6, 1465920720),
(301, 1949170730, 100, 44.5106354, 11.349085, '32TPQ8671431275', 151, 1465920734),
(302, 1949170730, 5, 44.5106354, 11.349085, '32TPQ8671431275', 6, 1465920734),
(303, 1949170730, 12, 44.5106354, 11.349085, '32TPQ8671431275', 57.8919, 1465920734),
(304, 1949170730, 6, 44.5106354, 11.349085, '32TPQ8671431275', 874.391, 1465920734),
(305, 1949170730, 13, 44.5106354, 11.349085, '32TPQ8671431275', 4.52632, 1465920734),
(306, 1949170730, 13, 44.5106218, 11.3491365, '32TPQ8671831273', 21.0818, 1465920809),
(307, 1949170730, 5, 44.5106218, 11.3491365, '32TPQ8671831273', 4, 1465920809),
(308, 1949170730, 6, 44.5106218, 11.3491365, '32TPQ8671831273', 989.535, 1465920812),
(309, 1949170730, 100, 44.5106218, 11.3491365, '32TPQ8671831273', 374, 1465920819),
(310, 1949170730, 12, 44.5106218, 11.3491365, '32TPQ8671831273', 62.4412, 1465920820),
(311, 1949170730, 100, 44.5096438, 11.3496526, '32TPQ8676231166', 422, 1465921066),
(312, 1949170730, 5, 44.5096438, 11.3496526, '32TPQ8676231166', 13, 1465921066),
(313, 1949170730, 13, 44.5096438, 11.3496526, '32TPQ8676231166', -7.83855, 1465921066),
(314, 1949170730, 12, 44.5096438, 11.3496526, '32TPQ8676231166', 85.8361, 1465921066),
(315, 1949170730, 6, 44.5096438, 11.3496526, '32TPQ8676231166', 1049.3, 1465921066),
(316, 1949170730, 13, 44.5106211, 11.3491099, '32TPQ8671631273', -2.67506, 1465921084),
(317, 1949170730, 5, 44.5106211, 11.3491099, '32TPQ8671631273', 6, 1465921085),
(318, 1949170730, 12, 44.5106211, 11.3491099, '32TPQ8671631273', 91.7564, 1465921085),
(319, 1949170730, 100, 44.5106211, 11.3491099, '32TPQ8671631273', 353, 1465921097),
(320, 1949170730, 5, 44.5106211, 11.3491099, '32TPQ8671631273', 6, 1465921097),
(321, 1949170730, 13, 44.5106211, 11.3491099, '32TPQ8671631273', -2.67506, 1465921097),
(322, 1949170730, 12, 44.5106211, 11.3491099, '32TPQ8671631273', 91.7564, 1465921097),
(323, 1949170730, 6, 44.5106211, 11.3491099, '32TPQ8671631273', 1067.27, 1465921097),
(324, 1949170730, 100, 44.5106335, 11.349106, '32TPQ8671631274', 92, 1465921167),
(325, 1949170730, 5, 44.5106335, 11.349106, '32TPQ8671631274', 6, 1465921167),
(326, 1949170730, 13, 44.5106335, 11.349106, '32TPQ8671631274', 1.41716, 1465921167),
(327, 1949170730, 12, 44.5106335, 11.349106, '32TPQ8671631274', 40.0217, 1465921167),
(328, 1949170730, 6, 44.5106335, 11.349106, '32TPQ8671631274', 937.874, 1465921167),
(329, 1949170730, 100, 44.5106335, 11.349106, '32TPQ8671631274', 92, 1465921171),
(330, 1949170730, 100, 44.5106783, 11.3491233, '32TPQ8671731279', 403, 1465921451),
(331, 1949170730, 5, 44.5106783, 11.3491233, '32TPQ8671731279', 6, 1465921451),
(332, 1949170730, 13, 44.5106783, 11.3491233, '32TPQ8671731279', -13.619, 1465921451),
(333, 1949170730, 12, 44.5106783, 11.3491233, '32TPQ8671731279', 77.4542, 1465921451),
(334, 1949170730, 6, 44.5106783, 11.3491233, '32TPQ8671731279', 981.787, 1465921451),
(335, 1949170730, 5, 44.5106783, 11.3491233, '32TPQ8671731279', 4, 1465921460),
(336, 1949170730, 13, 44.5106783, 11.3491233, '32TPQ8671731279', -13.619, 1465921460),
(337, 1949170730, 12, 44.5106783, 11.3491233, '32TPQ8671731279', 77.4542, 1465921461),
(338, 1949170730, 100, 44.5111581, 11.3461944, '32TPQ8648331326', 284, 1465922178),
(339, 1949170730, 5, 44.5111581, 11.3461944, '32TPQ8648331326', 11, 1465922178),
(340, 1949170730, 13, 44.5111581, 11.3461944, '32TPQ8648331326', 20.6038, 1465922178),
(341, 1949170730, 12, 44.5111581, 11.3461944, '32TPQ8648331326', 41.8408, 1465922178),
(342, 1949170730, 6, 44.5111581, 11.3461944, '32TPQ8648331326', 946.033, 1465922178),
(343, 1949170730, 100, 44.5111581, 11.3461944, '32TPQ8648331326', 284, 1465922181),
(344, 1949170730, 100, 44.5106081, 11.3490814, '32TPQ8671431272', 239, 1465922245),
(345, 1949170730, 5, 44.5106081, 11.3490814, '32TPQ8671431272', 8, 1465922245),
(346, 1949170730, 13, 44.5106081, 11.3490814, '32TPQ8671431272', -13.9188, 1465922245),
(347, 1949170730, 12, 44.5106081, 11.3490814, '32TPQ8671431272', 63.4135, 1465922245),
(348, 1949170730, 6, 44.5106081, 11.3490814, '32TPQ8671431272', 1041.76, 1465922245),
(349, 1949170730, 12, 44.5106081, 11.3490814, '32TPQ8671431272', 63.4135, 1465922248),
(350, 1949170730, 100, 44.5106278, 11.3490939, '32TPQ8671531274', 649, 1465922306),
(351, 1949170730, 5, 44.5106278, 11.3490939, '32TPQ8671531274', 8, 1465922306),
(352, 1949170730, 13, 44.5106278, 11.3490939, '32TPQ8671531274', 35.8521, 1465922306),
(353, 1949170730, 12, 44.5106278, 11.3490939, '32TPQ8671531274', 86.8069, 1465922306),
(354, 1949170730, 6, 44.5106278, 11.3490939, '32TPQ8671531274', 975.674, 1465922306),
(355, 1949170730, 100, 44.5106278, 11.3490939, '32TPQ8671531274', 236, 1465922358),
(356, 1949170730, 5, 44.5106278, 11.3490939, '32TPQ8671531274', 8, 1465922359),
(357, 1949170730, 13, 44.5106278, 11.3490939, '32TPQ8671531274', 16.8204, 1465922359),
(358, 1949170730, 12, 44.5106278, 11.3490939, '32TPQ8671531274', 78.6783, 1465922359),
(359, 1949170730, 6, 44.5106278, 11.3490939, '32TPQ8671531274', 946.305, 1465922359),
(360, 1949170730, 100, 44.5104348, 11.3487078, '32TPQ8668531251', 236, 1465922370),
(361, 1949170730, 5, 44.5104348, 11.3487078, '32TPQ8668531251', 8, 1465922370),
(362, 1949170730, 13, 44.5104348, 11.3487078, '32TPQ8668531251', 16.8204, 1465922370),
(363, 1949170730, 12, 44.5104348, 11.3487078, '32TPQ8668531251', 78.6783, 1465922370),
(364, 1949170730, 6, 44.5104348, 11.3487078, '32TPQ8668531251', 946.305, 1465922370),
(365, 1949170730, 5, 44.5104348, 11.3487078, '32TPQ8668531251', 6, 1465922383),
(366, 1949170730, 13, 44.5106126, 11.349126, '32TPQ8671731272', 17.1485, 1465922436),
(367, 1949170730, 6, 44.5106126, 11.349126, '32TPQ8671731272', 877.792, 1465922436),
(369, 1949170730, 5, 44.5106344, 11.3491094, '32TPQ8671631275', 8, 1465922661),
(370, 1949170730, 13, 44.5106344, 11.3491094, '32TPQ8671631275', 6.12348, 1465922661),
(371, 1949170730, 12, 44.5106344, 11.3491094, '32TPQ8671631275', 60.0024, 1465922661),
(372, 1949170730, 6, 44.5106344, 11.3491094, '32TPQ8671631275', 927.899, 1465922661),
(373, 1949170730, 100, 44.5106344, 11.3491094, '32TPQ8671631275', 190, 1465922710),
(374, 1949170730, 5, 44.5106344, 11.3491094, '32TPQ8671631275', 8, 1465922711),
(375, 1949170730, 13, 44.5106344, 11.3491094, '32TPQ8671631275', 32.0669, 1465922711),
(376, 1949170730, 12, 44.5106344, 11.3491094, '32TPQ8671631275', 83.3149, 1465922711),
(377, 1949170730, 6, 44.5106344, 11.3491094, '32TPQ8671631275', 927.899, 1465922711),
(378, 1949170730, 100, 44.5106344, 11.3491094, '32TPQ8671631275', 348, 1465922754),
(379, 1949170730, 5, 44.5106344, 11.3491094, '32TPQ8671631275', 6, 1465922754),
(380, 1949170730, 13, 44.5106344, 11.3491094, '32TPQ8671631275', 30.5713, 1465922754),
(381, 1949170730, 12, 44.5106344, 11.3491094, '32TPQ8671631275', 37.458, 1465922754),
(382, 1949170730, 6, 44.5106344, 11.3491094, '32TPQ8671631275', 1011.93, 1465922754),
(383, 1949170730, 100, 44.5106344, 11.3491094, '32TPQ8671631275', 251, 1465922787),
(384, 1949170730, 5, 44.5106344, 11.3491094, '32TPQ8671631275', 8, 1465922787),
(385, 1949170730, 13, 44.5106344, 11.3491094, '32TPQ8671631275', 4.48971, 1465922787),
(386, 1949170730, 12, 44.5106344, 11.3491094, '32TPQ8671631275', 77.44, 1465922787),
(387, 1949170730, 6, 44.5106344, 11.3491094, '32TPQ8671631275', 989.779, 1465922787),
(388, 1949170730, 100, 44.5106344, 11.3491094, '32TPQ8671631275', 403, 1465922847),
(389, 1949170730, 5, 44.5106344, 11.3491094, '32TPQ8671631275', 4, 1465922847),
(390, 1949170730, 13, 44.5106344, 11.3491094, '32TPQ8671631275', 20.103, 1465922847),
(391, 1949170730, 12, 44.5106344, 11.3491094, '32TPQ8671631275', 76.1783, 1465922847),
(392, 1949170730, 6, 44.5106344, 11.3491094, '32TPQ8671631275', 909.175, 1465922847),
(393, 1949170730, 100, 44.5106344, 11.3491094, '32TPQ8671631275', 644, 1465922904),
(394, 1949170730, 5, 44.5106344, 11.3491094, '32TPQ8671631275', 4, 1465922904),
(395, 1949170730, 13, 44.5106344, 11.3491094, '32TPQ8671631275', -9.67042, 1465922904),
(396, 1949170730, 12, 44.5106344, 11.3491094, '32TPQ8671631275', 92.5932, 1465922904),
(397, 1949170730, 6, 44.5106344, 11.3491094, '32TPQ8671631275', 1001.31, 1465922904),
(398, 1949170730, 100, 44.5106076, 11.3490875, '32TPQ8671431272', 330, 1465922998),
(399, 1949170730, 5, 44.5106076, 11.3490875, '32TPQ8671431272', 6, 1465922998),
(400, 1949170730, 13, 44.5106076, 11.3490875, '32TPQ8671431272', -9.7875, 1465922998),
(401, 1949170730, 12, 44.5106076, 11.3490875, '32TPQ8671431272', 47.6121, 1465922998),
(402, 1949170730, 6, 44.5106076, 11.3490875, '32TPQ8671431272', 973.671, 1465922998),
(403, 1949170730, 100, 44.5106176, 11.3491039, '32TPQ8671631273', 303, 1465923037),
(404, 1949170730, 5, 44.5106176, 11.3491039, '32TPQ8671631273', 6, 1465923037),
(405, 1949170730, 13, 44.5106176, 11.3491039, '32TPQ8671631273', 27.6593, 1465923037),
(406, 1949170730, 12, 44.5106176, 11.3491039, '32TPQ8671631273', 47.9356, 1465923037),
(407, 1949170730, 6, 44.5106176, 11.3491039, '32TPQ8671631273', 902.072, 1465923037),
(408, 1949170730, 100, 44.5106176, 11.3491039, '32TPQ8671631273', 320, 1465923167),
(409, 1949170730, 5, 44.5106176, 11.3491039, '32TPQ8671631273', 0, 1465923168),
(410, 1949170730, 13, 44.5106176, 11.3491039, '32TPQ8671631273', 8.18558, 1465923168),
(411, 1949170730, 12, 44.5106176, 11.3491039, '32TPQ8671631273', 32.5885, 1465923168),
(412, 1949170730, 6, 44.5106176, 11.3491039, '32TPQ8671631273', 898.335, 1465923168),
(413, 1949170730, 100, 44.5113022, 11.3427968, '32TPQ8621231334', 248, 1466074377),
(414, 1949170730, 5, 44.5113022, 11.3427968, '32TPQ8621231334', 47, 1466074377),
(415, 1949170730, 13, 44.5113022, 11.3427968, '32TPQ8621231334', 12.1439, 1466074377),
(416, 1949170730, 12, 44.5113022, 11.3427968, '32TPQ8621231334', 84.8218, 1466074377),
(417, 1949170730, 6, 44.5113022, 11.3427968, '32TPQ8621231334', 876.734, 1466074377),
(418, 1949170730, 100, 44.5113022, 11.3427968, '32TPQ8621231334', 172, 1466074637),
(419, 1949170730, 13, 44.5113022, 11.3427968, '32TPQ8621231334', -11.4946, 1466074637),
(420, 1949170730, 5, 44.5113022, 11.3427968, '32TPQ8621231334', 33, 1466074637),
(421, 1949170730, 12, 44.5113022, 11.3427968, '32TPQ8621231334', 93.5752, 1466074637),
(422, 1949170730, 6, 44.5113022, 11.3427968, '32TPQ8621231334', 967.657, 1466074637),
(423, 1949170730, 100, 44.5113022, 11.3427968, '32TPQ8621231334', 109, 1466074818),
(424, 1949170730, 5, 44.5113022, 11.3427968, '32TPQ8621231334', 41, 1466074818),
(425, 1949170730, 13, 44.5113022, 11.3427968, '32TPQ8621231334', 23.6276, 1466074818),
(426, 1949170730, 12, 44.5113022, 11.3427968, '32TPQ8621231334', 43.8461, 1466074818),
(427, 1949170730, 6, 44.5113022, 11.3427968, '32TPQ8621231334', 1055.94, 1466074818),
(428, 1949170730, 100, 44.5113022, 11.3427968, '32TPQ8621231334', 109, 1466074829),
(429, 1949170730, 5, 44.5113022, 11.3427968, '32TPQ8621231334', 39, 1466074829),
(430, 1949170730, 13, 44.5113022, 11.3427968, '32TPQ8621231334', 23.6276, 1466074829),
(431, 1949170730, 12, 44.5113022, 11.3427968, '32TPQ8621231334', 43.8461, 1466074829),
(432, 1949170730, 6, 44.5113022, 11.3427968, '32TPQ8621231334', 1074.14, 1466074829),
(433, 1949170730, 100, 44.5113022, 11.3427968, '32TPQ8621231334', 109, 1466074834),
(434, 1949170730, 5, 44.5113022, 11.3427968, '32TPQ8621231334', 37, 1466074834),
(435, 1949170730, 13, 44.5113022, 11.3427968, '32TPQ8621231334', 23.6276, 1466074834),
(436, 1949170730, 12, 44.5113022, 11.3427968, '32TPQ8621231334', 43.8461, 1466074834),
(437, 1949170730, 6, 44.5113022, 11.3427968, '32TPQ8621231334', 1074.14, 1466074834),
(438, 1949170730, 100, 44.5113022, 11.3427968, '32TPQ8621231334', 479, 1466074847),
(439, 1949170730, 5, 44.5113022, 11.3427968, '32TPQ8621231334', 39, 1466074847),
(440, 1949170730, 13, 44.5113022, 11.3427968, '32TPQ8621231334', -3.11472, 1466074847),
(441, 1949170730, 12, 44.5113022, 11.3427968, '32TPQ8621231334', 43.8461, 1466074847),
(442, 1949170730, 6, 44.5113022, 11.3427968, '32TPQ8621231334', 1074.14, 1466074847),
(443, 1949170730, 100, 44.5113022, 11.3427968, '32TPQ8621231334', 479, 1466074860),
(444, 1949170730, 5, 44.5113022, 11.3427968, '32TPQ8621231334', 39, 1466074860),
(445, 1949170730, 13, 44.5113022, 11.3427968, '32TPQ8621231334', -3.11472, 1466074860),
(446, 1949170730, 12, 44.5113022, 11.3427968, '32TPQ8621231334', 43.8461, 1466074860),
(447, 1949170730, 6, 44.5113022, 11.3427968, '32TPQ8621231334', 1074.14, 1466074860),
(448, 1949170730, 100, 44.5113022, 11.3427968, '32TPQ8621231334', 393, 1466074873),
(449, 1949170730, 5, 44.5113022, 11.3427968, '32TPQ8621231334', 37, 1466074873),
(450, 1949170730, 13, 44.5113022, 11.3427968, '32TPQ8621231334', 32.2683, 1466074873),
(451, 1949170730, 12, 44.5113022, 11.3427968, '32TPQ8621231334', 32.8267, 1466074873),
(452, 1949170730, 6, 44.5113022, 11.3427968, '32TPQ8621231334', 1074.14, 1466074873),
(453, 1949170730, 13, 44.5112037, 11.3428269, '32TPQ8621531323', -12.995, 1466075850),
(454, 1949170730, 6, 44.5112037, 11.3428269, '32TPQ8621531323', 1075.43, 1466075850),
(455, 1949170730, 100, 44.5112037, 11.3428269, '32TPQ8621531323', 95, 1466075850),
(456, 1949170730, 12, 44.5112037, 11.3428269, '32TPQ8621531323', 79.1956, 1466075851),
(457, 1949170730, 5, 44.5112037, 11.3428269, '32TPQ8621531323', 47, 1466075851),
(458, 1949170730, 100, 44.5112037, 11.3428269, '32TPQ8621531323', 93, 1466075905),
(459, 1949170730, 5, 44.5112037, 11.3428269, '32TPQ8621531323', 45, 1466075905),
(460, 1949170730, 13, 44.5112037, 11.3428269, '32TPQ8621531323', 29.8389, 1466075905),
(461, 1949170730, 12, 44.5112037, 11.3428269, '32TPQ8621531323', 78.4878, 1466075905),
(462, 1949170730, 6, 44.5112037, 11.3428269, '32TPQ8621531323', 901.759, 1466075905),
(463, 1949170730, 100, 44.5112037, 11.3428269, '32TPQ8621531323', 1573, 1466075937),
(464, 1949170730, 5, 44.5112037, 11.3428269, '32TPQ8621531323', 23, 1466075937),
(465, 1949170730, 13, 44.5112037, 11.3428269, '32TPQ8621531323', 5.17828, 1466075938),
(466, 1949170730, 12, 44.5112037, 11.3428269, '32TPQ8621531323', 83.3263, 1466075938),
(467, 1949170730, 6, 44.5112037, 11.3428269, '32TPQ8621531323', 901.759, 1466075938),
(468, 1949170730, 100, 44.5112037, 11.3428269, '32TPQ8621531323', 113, 1466076118),
(469, 1949170730, 5, 44.5112037, 11.3428269, '32TPQ8621531323', 17, 1466076118),
(470, 1949170730, 13, 44.5112037, 11.3428269, '32TPQ8621531323', -5.93069, 1466076118),
(471, 1949170730, 12, 44.5112037, 11.3428269, '32TPQ8621531323', 98.5967, 1466076118),
(472, 1949170730, 6, 44.5112037, 11.3428269, '32TPQ8621531323', 944.502, 1466076118),
(473, 1949170730, 100, 44.5112037, 11.3428269, '32TPQ8621531323', 167, 1466076201),
(474, 1949170730, 6, 44.5112037, 11.3428269, '32TPQ8621531323', 926.644, 1466076201),
(475, 1949170730, 5, 44.5112037, 11.3428269, '32TPQ8621531323', 33, 1466076201),
(476, 1949170730, 13, 44.5112037, 11.3428269, '32TPQ8621531323', 19.2505, 1466076201),
(477, 1949170730, 12, 44.5112037, 11.3428269, '32TPQ8621531323', 66.2885, 1466076201),
(478, 1949170730, 100, 44.5112037, 11.3428269, '32TPQ8621531323', 231, 1466076330),
(479, 1949170730, 5, 44.5112037, 11.3428269, '32TPQ8621531323', 2, 1466076330),
(480, 1949170730, 13, 44.5112037, 11.3428269, '32TPQ8621531323', 13.8235, 1466076330),
(481, 1949170730, 12, 44.5112037, 11.3428269, '32TPQ8621531323', 30.0369, 1466076330),
(482, 1949170730, 6, 44.5112037, 11.3428269, '32TPQ8621531323', 904.814, 1466076330),
(488, 1949170730, 100, 44.5111749, 11.3427313, '32TPQ8620731320', 149, 1466076487),
(489, 1949170730, 5, 44.5111749, 11.3427313, '32TPQ8620731320', 41, 1466076487),
(490, 1949170730, 13, 44.5111749, 11.3427313, '32TPQ8620731320', 25.1881, 1466076487),
(491, 1949170730, 12, 44.5111749, 11.3427313, '32TPQ8620731320', 76.834, 1466076487),
(492, 1949170730, 6, 44.5111749, 11.3427313, '32TPQ8620731320', 1041.81, 1466076487),
(493, 1949170730, 100, 44.5111722, 11.342852, '32TPQ8621731320', 133, 1466077486),
(494, 1949170730, 13, 44.5111722, 11.342852, '32TPQ8621731320', 41.3692, 1466077487),
(495, 1949170730, 12, 44.5111722, 11.342852, '32TPQ8621731320', 74.2554, 1466077487),
(496, 1949170730, 100, 44.5112107, 11.3428376, '32TPQ8621631324', 291, 1466077659),
(497, 1949170730, 13, 44.5112107, 11.3428376, '32TPQ8621631324', -12.8865, 1466077659),
(498, 1949170730, 5, 44.5112107, 11.3428376, '32TPQ8621631324', 49, 1466077659),
(499, 1949170730, 6, 44.5112107, 11.3428376, '32TPQ8621631324', 925.063, 1466077659),
(500, 1949170730, 12, 44.5112107, 11.3428376, '32TPQ8621631324', 94.6916, 1466077659),
(501, 1949170730, 100, 44.5112071, 11.3427575, '32TPQ8620931324', 159, 1466077976),
(502, 1949170730, 5, 44.5112071, 11.3427575, '32TPQ8620931324', 36, 1466077976),
(503, 1949170730, 13, 44.5112071, 11.3427575, '32TPQ8620931324', 26.3693, 1466077976),
(504, 1949170730, 12, 44.5112071, 11.3427575, '32TPQ8620931324', 75.6553, 1466077976),
(505, 1949170730, 6, 44.5112071, 11.3427575, '32TPQ8620931324', 1023.38, 1466077977),
(506, 1949170730, 100, 44.5112071, 11.3427575, '32TPQ8620931324', 159, 1466077990),
(507, 1949170730, 5, 44.5112071, 11.3427575, '32TPQ8620931324', 43, 1466077990),
(508, 1949170730, 13, 44.5112071, 11.3427575, '32TPQ8620931324', 26.3693, 1466077990),
(509, 1949170730, 12, 44.5112071, 11.3427575, '32TPQ8620931324', 55.6967, 1466077990),
(510, 1949170730, 6, 44.5112071, 11.3427575, '32TPQ8620931324', 1035.48, 1466077990),
(511, 1949170730, 100, 44.5111457, 11.342689, '32TPQ8620431317', 308, 1466078047),
(512, 1949170730, 5, 44.5111457, 11.342689, '32TPQ8620431317', 51, 1466078047),
(513, 1949170730, 13, 44.5111457, 11.342689, '32TPQ8620431317', -11.4935, 1466078047),
(514, 1949170730, 12, 44.5111457, 11.342689, '32TPQ8620431317', 69.961, 1466078047),
(515, 1949170730, 6, 44.5111457, 11.342689, '32TPQ8620431317', 880.99, 1466078047),
(516, 1949170730, 100, 44.5111426, 11.3427396, '32TPQ8620831316', 183, 1466078074),
(517, 1949170730, 5, 44.5111426, 11.3427396, '32TPQ8620831316', 45, 1466078074),
(518, 1949170730, 13, 44.5111426, 11.3427396, '32TPQ8620831316', 29.5713, 1466078074),
(519, 1949170730, 12, 44.5111426, 11.3427396, '32TPQ8620831316', 36.2686, 1466078074),
(520, 1949170730, 6, 44.5111426, 11.3427396, '32TPQ8620831316', 1047.28, 1466078075),
(521, 1949170730, 100, 44.5112247, 11.3427989, '32TPQ8621231326', 455, 1466078225),
(522, 1949170730, 5, 44.5112247, 11.3427989, '32TPQ8621231326', 31, 1466078225),
(523, 1949170730, 13, 44.5112247, 11.3427989, '32TPQ8621231326', 15.3051, 1466078225),
(524, 1949170730, 12, 44.5112247, 11.3427989, '32TPQ8621231326', 88.6324, 1466078225),
(525, 1949170730, 6, 44.5112247, 11.3427989, '32TPQ8621231326', 999.228, 1466078225),
(526, 1949170730, 100, 44.5112247, 11.3427989, '32TPQ8621231326', 480, 1466078260),
(527, 1949170730, 5, 44.5112247, 11.3427989, '32TPQ8621231326', 39, 1466078260),
(528, 1949170730, 13, 44.5112247, 11.3427989, '32TPQ8621231326', -4.27199, 1466078260),
(529, 1949170730, 12, 44.5112247, 11.3427989, '32TPQ8621231326', 47.1655, 1466078260),
(530, 1949170730, 6, 44.5112247, 11.3427989, '32TPQ8621231326', 966.97, 1466078260),
(531, 1949170730, 100, 44.5112247, 11.3427989, '32TPQ8621231326', 1127, 1466078301),
(532, 1949170730, 5, 44.5112247, 11.3427989, '32TPQ8621231326', 41, 1466078301),
(533, 1949170730, 13, 44.5112247, 11.3427989, '32TPQ8621231326', 37.7313, 1466078301),
(534, 1949170730, 12, 44.5112247, 11.3427989, '32TPQ8621231326', 47.1655, 1466078301),
(535, 1949170730, 6, 44.5112247, 11.3427989, '32TPQ8621231326', 893.487, 1466078301),
(536, 1949170730, 100, 44.5112247, 11.3427989, '32TPQ8621231326', 972, 1466078351),
(537, 1949170730, 5, 44.5112247, 11.3427989, '32TPQ8621231326', 31, 1466078351),
(538, 1949170730, 13, 44.5112247, 11.3427989, '32TPQ8621231326', 31.1486, 1466078351),
(539, 1949170730, 12, 44.5112247, 11.3427989, '32TPQ8621231326', 94.7402, 1466078351),
(540, 1949170730, 6, 44.5112247, 11.3427989, '32TPQ8621231326', 1018.65, 1466078351),
(541, 1949170730, 100, 44.5110627, 11.3427627, '32TPQ8621031308', 238, 1466079351),
(542, 1949170730, 13, 44.5110627, 11.3427627, '32TPQ8621031308', 25.881, 1466079351),
(543, 1949170730, 12, 44.5110627, 11.3427627, '32TPQ8621031308', 40.8344, 1466079351),
(544, 1949170730, 5, 44.5110922, 11.3428217, '32TPQ8621531311', 33, 1466080152),
(545, 1949170730, 100, 44.5110922, 11.3428217, '32TPQ8621531311', 204, 1466080350),
(546, 1949170730, 13, 44.5110922, 11.3428217, '32TPQ8621531311', -2.69748, 1466080350),
(547, 1949170730, 12, 44.5110922, 11.3428217, '32TPQ8621531311', 89.2532, 1466080350),
(548, 1949170730, 100, 44.5111957, 11.3428263, '32TPQ8621531323', 2119, 1466081349),
(549, 1949170730, 13, 44.5111957, 11.3428263, '32TPQ8621531323', -11.5585, 1466081349),
(550, 1949170730, 12, 44.5111957, 11.3428263, '32TPQ8621531323', 38.5084, 1466081349),
(551, 1949170730, 100, 44.5111764, 11.3427034, '32TPQ8620531320', 1971, 1466081470),
(552, 1949170730, 5, 44.5111764, 11.3427034, '32TPQ8620531320', 31, 1466081470),
(553, 1949170730, 13, 44.5111764, 11.3427034, '32TPQ8620531320', 5.96714, 1466081470),
(554, 1949170730, 12, 44.5111764, 11.3427034, '32TPQ8620531320', 44.7823, 1466081470),
(555, 1949170730, 6, 44.5111764, 11.3427034, '32TPQ8620531320', 917.464, 1466081470),
(556, 1949170730, 100, 44.5110657, 11.3427648, '32TPQ8621031308', 114, 1466081619),
(557, 1949170730, 5, 44.5110657, 11.3427648, '32TPQ8621031308', 31, 1466081619),
(558, 1949170730, 13, 44.5110657, 11.3427648, '32TPQ8621031308', 13.6484, 1466081619),
(559, 1949170730, 12, 44.5110657, 11.3427648, '32TPQ8621031308', 83.4602, 1466081619),
(560, 1949170730, 6, 44.5110657, 11.3427648, '32TPQ8621031308', 985.659, 1466081619),
(561, 1949170730, 6, 44.5110657, 11.3427648, '32TPQ8621031308', 985.659, 1466081646),
(562, 1949170730, 6, 44.5110657, 11.3427648, '32TPQ8621031308', 985.659, 1466081648),
(563, 1949170730, 6, 44.5110657, 11.3427648, '32TPQ8621031308', 985.659, 1466081649),
(564, 1949170730, 6, 44.5110657, 11.3427648, '32TPQ8621031308', 985.659, 1466081650),
(565, 1949170730, 6, 44.5110657, 11.3427648, '32TPQ8621031308', 985.659, 1466081651),
(566, 1949170730, 6, 44.5110657, 11.3427648, '32TPQ8621031308', 985.659, 1466081653),
(567, 1949170730, 6, 44.5111537, 11.3427978, '32TPQ8621331318', 966.651, 1466081733),
(568, 1949170730, 6, 44.5111537, 11.3427978, '32TPQ8621331318', 966.651, 1466081735),
(569, 1949170730, 6, 44.5111537, 11.3427978, '32TPQ8621331318', 966.651, 1466081736),
(570, 1949170730, 6, 44.5111537, 11.3427978, '32TPQ8621331318', 966.651, 1466081736),
(571, 1949170730, 6, 44.5111537, 11.3427978, '32TPQ8621331318', 966.651, 1466081736),
(572, 1949170730, 6, 44.5111537, 11.3427978, '32TPQ8621331318', 966.651, 1466081737),
(573, 1949170730, 6, 44.5111537, 11.3427978, '32TPQ8621331318', 966.651, 1466081737),
(574, 1949170730, 6, 44.5111537, 11.3427978, '32TPQ8621331318', 966.651, 1466081737),
(575, 1949170730, 6, 44.5111537, 11.3427978, '32TPQ8621331318', 966.651, 1466081738),
(576, 1949170730, 6, 44.5111537, 11.3427978, '32TPQ8621331318', 966.651, 1466081738),
(577, 1949170730, 6, 44.5111537, 11.3427978, '32TPQ8621331318', 966.651, 1466081738),
(578, 1949170730, 6, 44.5111537, 11.3427978, '32TPQ8621331318', 966.651, 1466081739),
(594, 1949170730, 100, 44.5112355, 11.3429, '32TPQ8622031327', 73, 1466083911),
(595, 1949170730, 5, 44.5112355, 11.3429, '32TPQ8622031327', 15, 1466083911),
(596, 1949170730, 13, 44.5112355, 11.3429, '32TPQ8622031327', -8.9301, 1466083911),
(597, 1949170730, 12, 44.5112355, 11.3429, '32TPQ8622031327', 47.1331, 1466083911),
(598, 1949170730, 6, 44.5112355, 11.3429, '32TPQ8622031327', 1006.35, 1466083911),
(599, 1949170730, 100, 44.5112355, 11.3429, '32TPQ8622031327', 73, 1466083913),
(600, 1949170730, 6, 44.5112355, 11.3429, '32TPQ8622031327', 1006.35, 1466083913),
(601, 1949170730, 5, 44.5112355, 11.3429, '32TPQ8622031327', 15, 1466083914),
(602, 1949170730, 13, 44.5112355, 11.3429, '32TPQ8622031327', -8.9301, 1466083914),
(603, 1949170730, 12, 44.5112355, 11.3429, '32TPQ8622031327', 47.1331, 1466083914),
(604, 1949170730, 6, 44.5112355, 11.3429, '32TPQ8622031327', 1006.35, 1466083914),
(605, 1949170730, 6, 44.5110222, 11.3430787, '32TPQ8623531304', 1006.35, 1466083916),
(606, 1949170730, 6, 44.5110222, 11.3430787, '32TPQ8623531304', 1006.35, 1466083917),
(607, 1949170730, 6, 44.5110222, 11.3430787, '32TPQ8623531304', 1006.35, 1466083917),
(608, 1949170730, 6, 44.5110222, 11.3430787, '32TPQ8623531304', 1006.35, 1466083918),
(609, 1949170730, 6, 44.5110222, 11.3430787, '32TPQ8623531304', 1006.35, 1466083919),
(610, 1949170730, 6, 44.5110222, 11.3430787, '32TPQ8623531304', 1006.35, 1466083921),
(611, 1949170730, 6, 44.5110222, 11.3430787, '32TPQ8623531304', 1006.35, 1466083923),
(612, 1949170730, 6, 44.5110222, 11.3430787, '32TPQ8623531304', 1006.35, 1466083924),
(613, 1949170730, 6, 44.5110222, 11.3430787, '32TPQ8623531304', 1006.35, 1466083925),
(614, 1949170730, 6, 44.5110222, 11.3430787, '32TPQ8623531304', 1006.35, 1466083925),
(615, 1949170730, 6, 44.5110222, 11.3430787, '32TPQ8623531304', 1006.35, 1466083926),
(616, 1949170730, 6, 44.5110222, 11.3430787, '32TPQ8623531304', 1006.35, 1466083926),
(617, 1949170730, 6, 44.5110222, 11.3430787, '32TPQ8623531304', 1006.35, 1466083927),
(618, 1949170730, 6, 44.5110222, 11.3430787, '32TPQ8623531304', 1006.35, 1466083927),
(619, 1949170730, 6, 44.5110222, 11.3430787, '32TPQ8623531304', 1006.35, 1466083928),
(620, 1949170730, 100, 44.510553, 11.3486267, '32TPQ8667831264', 369, 1466098891),
(621, 1949170730, 5, 44.510553, 11.3486267, '32TPQ8667831264', 11, 1466098891),
(622, 1949170730, 13, 44.510553, 11.3486267, '32TPQ8667831264', 17.1226, 1466098891),
(623, 1949170730, 12, 44.510553, 11.3486267, '32TPQ8667831264', 89.5705, 1466098891),
(624, 1949170730, 6, 44.510553, 11.3486267, '32TPQ8667831264', 1023.85, 1466098891),
(625, 1949170730, 100, 44.510553, 11.3486267, '32TPQ8667831264', 369, 1466098891),
(626, 1949170730, 6, 44.510553, 11.3486267, '32TPQ8667831264', 1023.85, 1466098892),
(627, 1949170730, 100, 44.510553, 11.3486267, '32TPQ8667831264', 369, 1466098892),
(628, 1949170730, 6, 44.510553, 11.3486267, '32TPQ8667831264', 1023.85, 1466098893),
(629, 1949170730, 100, 44.510553, 11.3486267, '32TPQ8667831264', 369, 1466098893),
(630, 1949170730, 6, 44.510553, 11.3486267, '32TPQ8667831264', 1023.85, 1466098893),
(631, 1949170730, 100, 44.510553, 11.3486267, '32TPQ8667831264', 369, 1466098894),
(632, 1949170730, 6, 44.510553, 11.3486267, '32TPQ8667831264', 1023.85, 1466098894),
(633, 1949170730, 100, 44.510553, 11.3486267, '32TPQ8667831264', 369, 1466098894),
(634, 1949170730, 6, 44.510553, 11.3486267, '32TPQ8667831264', 1023.85, 1466098895),
(635, 1949170730, 100, 44.510553, 11.3486267, '32TPQ8667831264', 369, 1466098895),
(636, 1949170730, 6, 44.510553, 11.3486267, '32TPQ8667831264', 1023.85, 1466098895),
(637, 1949170730, 100, 44.510553, 11.3486267, '32TPQ8667831264', 369, 1466098896),
(638, 1949170730, 6, 44.510553, 11.3486267, '32TPQ8667831264', 1023.85, 1466098896),
(639, 1949170730, 100, 44.510553, 11.3486267, '32TPQ8667831264', 369, 1466098896),
(640, 1949170730, 6, 44.510553, 11.3486267, '32TPQ8667831264', 1023.85, 1466098897),
(641, 1949170730, 100, 44.510553, 11.3486267, '32TPQ8667831264', 369, 1466098897),
(642, 1949170730, 6, 44.510553, 11.3486267, '32TPQ8667831264', 1023.85, 1466098898),
(643, 1949170730, 100, 44.510553, 11.3486267, '32TPQ8667831264', 369, 1466098898),
(644, 1949170730, 6, 44.510553, 11.3486267, '32TPQ8667831264', 1023.85, 1466098898),
(645, 1949170730, 100, 44.510553, 11.3486267, '32TPQ8667831264', 369, 1466098899),
(646, 1949170730, 6, 44.510553, 11.3486267, '32TPQ8667831264', 1023.85, 1466098899),
(647, 1949170730, 100, 44.510553, 11.3486267, '32TPQ8667831264', 369, 1466098899),
(648, 1949170730, 6, 44.510553, 11.3486267, '32TPQ8667831264', 1023.85, 1466098900),
(649, 1949170730, 100, 44.510553, 11.3486267, '32TPQ8667831264', 369, 1466098900),
(650, 1949170730, 6, 44.510553, 11.3486267, '32TPQ8667831264', 1023.85, 1466098900),
(651, 1949170730, 100, 44.510553, 11.3486267, '32TPQ8667831264', 369, 1466098901),
(652, 1949170730, 6, 44.510553, 11.3486267, '32TPQ8667831264', 1023.85, 1466098901),
(653, 1949170730, 100, 44.510553, 11.3486267, '32TPQ8667831264', 369, 1466098902),
(654, 1949170730, 100, 44.510553, 11.3486267, '32TPQ8667831264', 369, 1466098903),
(655, 1949170730, 6, 44.510553, 11.3486267, '32TPQ8667831264', 1023.85, 1466098903),
(656, 1949170730, 100, 44.510553, 11.3486267, '32TPQ8667831264', 369, 1466098903),
(657, 1949170730, 6, 44.510553, 11.3486267, '32TPQ8667831264', 1023.85, 1466098904),
(658, 1949170730, 100, 44.510553, 11.3486267, '32TPQ8667831264', 369, 1466098904),
(659, 1949170730, 6, 44.510553, 11.3486267, '32TPQ8667831264', 1023.85, 1466098904),
(660, 1949170730, 100, 44.510553, 11.3486267, '32TPQ8667831264', 369, 1466098905),
(661, 1949170730, 6, 44.510553, 11.3486267, '32TPQ8667831264', 1023.85, 1466098905),
(662, 1949170730, 100, 44.510553, 11.3486267, '32TPQ8667831264', 369, 1466098905),
(663, 1949170730, 6, 44.510553, 11.3486267, '32TPQ8667831264', 1023.85, 1466098906),
(664, 1949170730, 100, 44.510553, 11.3486267, '32TPQ8667831264', 369, 1466098906),
(665, 1949170730, 6, 44.510553, 11.3486267, '32TPQ8667831264', 1023.85, 1466098907),
(666, 1949170730, 100, 44.510553, 11.3486267, '32TPQ8667831264', 369, 1466098907),
(667, 1949170730, 6, 44.510553, 11.3486267, '32TPQ8667831264', 1023.85, 1466098908),
(668, 1949170730, 100, 44.510553, 11.3486267, '32TPQ8667831264', 369, 1466098908),
(669, 1949170730, 6, 44.510553, 11.3486267, '32TPQ8667831264', 1023.85, 1466098909),
(670, 1949170730, 100, 44.510553, 11.3486267, '32TPQ8667831264', 369, 1466098909),
(671, 1949170730, 100, 44.510553, 11.3486267, '32TPQ8667831264', 369, 1466098910),
(672, 1949170730, 6, 44.510553, 11.3486267, '32TPQ8667831264', 1023.85, 1466098910),
(673, 1949170730, 100, 44.510553, 11.3486267, '32TPQ8667831264', 369, 1466098911),
(674, 1949170730, 6, 44.510553, 11.3486267, '32TPQ8667831264', 1023.85, 1466098912),
(675, 1949170730, 100, 44.510553, 11.3486267, '32TPQ8667831264', 369, 1466098912),
(676, 1949170730, 6, 44.510553, 11.3486267, '32TPQ8667831264', 1023.85, 1466098913),
(677, 1949170730, 100, 44.510553, 11.3486267, '32TPQ8667831264', 369, 1466098913),
(678, 1949170730, 6, 44.510553, 11.3486267, '32TPQ8667831264', 1023.85, 1466098914),
(679, 1949170730, 100, 44.510553, 11.3486267, '32TPQ8667831264', 369, 1466098914),
(680, 1949170730, 6, 44.510553, 11.3486267, '32TPQ8667831264', 1023.85, 1466098915),
(681, 1949170730, 100, 44.510553, 11.3486267, '32TPQ8667831264', 369, 1466098915),
(682, 1949170730, 6, 44.510553, 11.3486267, '32TPQ8667831264', 1023.85, 1466098916),
(683, 1949170730, 100, 44.510553, 11.3486267, '32TPQ8667831264', 369, 1466098916),
(684, 1949170730, 100, 44.510553, 11.3486267, '32TPQ8667831264', 369, 1466098917),
(685, 1949170730, 6, 44.510553, 11.3486267, '32TPQ8667831264', 1023.85, 1466098917),
(686, 1949170730, 100, 44.510553, 11.3486267, '32TPQ8667831264', 369, 1466098918),
(687, 1949170730, 6, 44.510553, 11.3486267, '32TPQ8667831264', 1023.85, 1466098919),
(688, 1949170730, 100, 44.510553, 11.3486267, '32TPQ8667831264', 369, 1466098919),
(689, 1949170730, 6, 44.510553, 11.3486267, '32TPQ8667831264', 1023.85, 1466098920),
(690, 1949170730, 100, 44.510553, 11.3486267, '32TPQ8667831264', 369, 1466098920),
(691, 1949170730, 6, 44.510553, 11.3486267, '32TPQ8667831264', 1023.85, 1466098921),
(692, 1949170730, 100, 44.510553, 11.3486267, '32TPQ8667831264', 369, 1466098922),
(693, 1949170730, 6, 44.510553, 11.3486267, '32TPQ8667831264', 1023.85, 1466098922),
(694, 1949170730, 100, 44.510553, 11.3486267, '32TPQ8667831264', 369, 1466098923),
(695, 1949170730, 6, 44.510553, 11.3486267, '32TPQ8667831264', 1023.85, 1466098924),
(696, 1949170730, 100, 44.510553, 11.3486267, '32TPQ8667831264', 369, 1466098925),
(697, 1949170730, 6, 44.510553, 11.3486267, '32TPQ8667831264', 1023.85, 1466098925),
(698, 1949170730, 100, 44.510553, 11.3486267, '32TPQ8667831264', 462, 1466098926),
(699, 1949170730, 6, 44.510553, 11.3486267, '32TPQ8667831264', 1023.85, 1466098926),
(700, 1949170730, 100, 44.510553, 11.3486267, '32TPQ8667831264', 462, 1466098927),
(701, 1949170730, 6, 44.510553, 11.3486267, '32TPQ8667831264', 1023.85, 1466098927),
(702, 1949170730, 100, 44.510553, 11.3486267, '32TPQ8667831264', 462, 1466098928),
(703, 1949170730, 6, 44.510553, 11.3486267, '32TPQ8667831264', 1023.85, 1466098928),
(704, 1949170730, 100, 44.510553, 11.3486267, '32TPQ8667831264', 462, 1466098928),
(705, 1949170730, 100, 44.510553, 11.3486267, '32TPQ8667831264', 462, 1466098929),
(706, 1949170730, 6, 44.510553, 11.3486267, '32TPQ8667831264', 1023.85, 1466098930),
(707, 1949170730, 100, 44.510553, 11.3486267, '32TPQ8667831264', 462, 1466098930),
(718, 1974671864, 100, 44.508802, 11.3493147, '32TPQ8673831071', 3365, 1466184840),
(719, 1974671864, 5, 44.508802, 11.3493147, '32TPQ8673831071', 0, 1466184840),
(720, 1974671864, 13, 44.508802, 11.3493147, '32TPQ8673831071', 9.45364, 1466184840),
(721, 1974671864, 12, 44.508802, 11.3493147, '32TPQ8673831071', 63.4618, 1466184840),
(722, 1974671864, 6, 44.508802, 11.3493147, '32TPQ8673831071', 1008.25, 1466184840),
(728, 1949170730, 100, 44.5106316, 11.3490891, '32TPQ8671431274', 468, 1466185066),
(729, 1949170730, 5, 44.5106316, 11.3490891, '32TPQ8671431274', 6, 1466185066),
(730, 1949170730, 12, 44.5106316, 11.3490891, '32TPQ8671431274', 50.3703, 1466185066),
(731, 1949170730, 13, 44.5106316, 11.3490891, '32TPQ8671431274', 32.5762, 1466185066),
(732, 1949170730, 6, 44.5106316, 11.3490891, '32TPQ8671431274', 963.156, 1466185066),
(733, 1949170730, 5, 44.5106316, 11.3490891, '32TPQ8671431274', 6, 1466185068),
(734, 1949170730, 6, 44.5106316, 11.3490891, '32TPQ8671431274', 963.156, 1466185068),
(735, 1949170730, 5, 44.5106316, 11.3490891, '32TPQ8671431274', 6, 1466185069),
(736, 1949170730, 6, 44.5106316, 11.3490891, '32TPQ8671431274', 963.156, 1466185069),
(737, 1949170730, 5, 44.5106316, 11.3490891, '32TPQ8671431274', 6, 1466185070),
(738, 1949170730, 6, 44.5106316, 11.3490891, '32TPQ8671431274', 963.156, 1466185071),
(739, 1949170730, 5, 44.5106316, 11.3490891, '32TPQ8671431274', 6, 1466185071),
(740, 1949170730, 6, 44.5106316, 11.3490891, '32TPQ8671431274', 963.156, 1466185072),
(741, 1949170730, 5, 44.5106316, 11.3490891, '32TPQ8671431274', 6, 1466185073),
(742, 1949170730, 5, 44.5106316, 11.3490891, '32TPQ8671431274', 6, 1466185074),
(743, 1949170730, 6, 44.5106316, 11.3490891, '32TPQ8671431274', 888.901, 1466185075),
(744, 1949170730, 5, 44.5106316, 11.3490891, '32TPQ8671431274', 6, 1466185076),
(745, 1949170730, 6, 44.5106316, 11.3490891, '32TPQ8671431274', 888.901, 1466185076),
(746, 1949170730, 5, 44.5106316, 11.3490891, '32TPQ8671431274', 6, 1466185077),
(747, 1949170730, 6, 44.5106316, 11.3490891, '32TPQ8671431274', 888.901, 1466185077),
(748, 1949170730, 6, 44.5106316, 11.3490891, '32TPQ8671431274', 888.901, 1466185078),
(749, 1949170730, 5, 44.5106316, 11.3490891, '32TPQ8671431274', 6, 1466185080),
(750, 1949170730, 5, 44.5106316, 11.3490891, '32TPQ8671431274', 6, 1466185080),
(751, 1949170730, 5, 44.5106316, 11.3490891, '32TPQ8671431274', 6, 1466185081),
(752, 1949170730, 6, 44.5106316, 11.3490891, '32TPQ8671431274', 888.901, 1466185082),
(753, 1949170730, 5, 44.5106316, 11.3490891, '32TPQ8671431274', 6, 1466185082),
(754, 1974671864, 100, 44.5106248, 11.3490343, '32TPQ8671031273', 2522, 1466185083),
(755, 1949170730, 6, 44.5106316, 11.3490891, '32TPQ8671431274', 888.901, 1466185083),
(756, 1974671864, 5, 44.5106248, 11.3490343, '32TPQ8671031273', 1, 1466185083),
(757, 1974671864, 13, 44.5106248, 11.3490343, '32TPQ8671031273', 22.2959, 1466185083),
(758, 1974671864, 12, 44.5106248, 11.3490343, '32TPQ8671031273', 37.3203, 1466185083),
(759, 1974671864, 6, 44.5106248, 11.3490343, '32TPQ8671031273', 1008.29, 1466185083),
(760, 1949170730, 5, 44.5106316, 11.3490891, '32TPQ8671431274', 4, 1466185084),
(761, 1949170730, 6, 44.5106316, 11.3490891, '32TPQ8671431274', 888.901, 1466185084),
(762, 1949170730, 5, 44.5106316, 11.3490891, '32TPQ8671431274', 4, 1466185085),
(763, 1949170730, 5, 44.5106316, 11.3490891, '32TPQ8671431274', 4, 1466185085),
(764, 1949170730, 6, 44.5106316, 11.3490891, '32TPQ8671431274', 888.901, 1466185086),
(765, 1949170730, 5, 44.5106316, 11.3490891, '32TPQ8671431274', 4, 1466185087),
(766, 1949170730, 6, 44.5106316, 11.3490891, '32TPQ8671431274', 888.901, 1466185087),
(767, 1949170730, 5, 44.5106316, 11.3490891, '32TPQ8671431274', 6, 1466185088),
(768, 1949170730, 6, 44.5106316, 11.3490891, '32TPQ8671431274', 888.901, 1466185088),
(769, 1949170730, 5, 44.5106316, 11.3490891, '32TPQ8671431274', 6, 1466185089),
(770, 1949170730, 6, 44.5106316, 11.3490891, '32TPQ8671431274', 888.901, 1466185089),
(771, 1949170730, 5, 44.5106316, 11.3490891, '32TPQ8671431274', 6, 1466185090),
(772, 1949170730, 6, 44.5106316, 11.3490891, '32TPQ8671431274', 888.901, 1466185091),
(773, 1949170730, 5, 44.5106316, 11.3490891, '32TPQ8671431274', 6, 1466185091),
(774, 1949170730, 6, 44.5106316, 11.3490891, '32TPQ8671431274', 888.901, 1466185092),
(775, 1949170730, 5, 44.5106316, 11.3490891, '32TPQ8671431274', 6, 1466185092),
(776, 1949170730, 6, 44.5106316, 11.3490891, '32TPQ8671431274', 888.901, 1466185093),
(777, 1949170730, 5, 44.5106316, 11.3490891, '32TPQ8671431274', 6, 1466185093),
(778, 1949170730, 6, 44.5106316, 11.3490891, '32TPQ8671431274', 888.901, 1466185094),
(779, 1949170730, 5, 44.5106316, 11.3490891, '32TPQ8671431274', 6, 1466185094),
(780, 1949170730, 6, 44.5106316, 11.3490891, '32TPQ8671431274', 888.901, 1466185095),
(781, 1949170730, 5, 44.5106316, 11.3490891, '32TPQ8671431274', 6, 1466185096),
(782, 1949170730, 6, 44.5106316, 11.3490891, '32TPQ8671431274', 888.901, 1466185096),
(783, 1949170730, 5, 44.5106316, 11.3490891, '32TPQ8671431274', 6, 1466185097),
(784, 1949170730, 6, 44.5106316, 11.3490891, '32TPQ8671431274', 888.901, 1466185097),
(785, 1949170730, 5, 44.5106316, 11.3490891, '32TPQ8671431274', 6, 1466185098),
(786, 1949170730, 6, 44.5106316, 11.3490891, '32TPQ8671431274', 888.901, 1466185099),
(787, 1949170730, 5, 44.5106316, 11.3490891, '32TPQ8671431274', 4, 1466185099),
(788, 1949170730, 6, 44.5106316, 11.3490891, '32TPQ8671431274', 888.901, 1466185100),
(789, 1949170730, 5, 44.5106316, 11.3490891, '32TPQ8671431274', 4, 1466185100),
(790, 1949170730, 6, 44.5106316, 11.3490891, '32TPQ8671431274', 1058.09, 1466185101),
(791, 1949170730, 5, 44.5106316, 11.3490891, '32TPQ8671431274', 4, 1466185102),
(792, 1949170730, 6, 44.5106316, 11.3490891, '32TPQ8671431274', 1058.09, 1466185102),
(793, 1949170730, 5, 44.5106316, 11.3490891, '32TPQ8671431274', 4, 1466185103),
(794, 1949170730, 6, 44.5106316, 11.3490891, '32TPQ8671431274', 1058.09, 1466185103),
(795, 1949170730, 5, 44.5106316, 11.3490891, '32TPQ8671431274', 4, 1466185104),
(796, 1949170730, 6, 44.5106316, 11.3490891, '32TPQ8671431274', 1058.09, 1466185105),
(797, 1949170730, 5, 44.5106316, 11.3490891, '32TPQ8671431274', 4, 1466185106),
(798, 1949170730, 6, 44.5106316, 11.3490891, '32TPQ8671431274', 1058.09, 1466185106),
(799, 1949170730, 5, 44.5106316, 11.3490891, '32TPQ8671431274', 4, 1466185107),
(800, 1949170730, 6, 44.5106316, 11.3490891, '32TPQ8671431274', 1058.09, 1466185107),
(801, 1949170730, 5, 44.5106316, 11.3490891, '32TPQ8671431274', 4, 1466185108),
(802, 1949170730, 6, 44.5106316, 11.3490891, '32TPQ8671431274', 1058.09, 1466185109),
(803, 1949170730, 5, 44.5106316, 11.3490891, '32TPQ8671431274', 4, 1466185109),
(804, 1949170730, 6, 44.5106316, 11.3490891, '32TPQ8671431274', 1058.09, 1466185110),
(805, 1949170730, 5, 44.5106316, 11.3490891, '32TPQ8671431274', 4, 1466185110),
(806, 1949170730, 6, 44.5106316, 11.3490891, '32TPQ8671431274', 1058.09, 1466185111),
(807, 1949170730, 5, 44.5106316, 11.3490891, '32TPQ8671431274', 4, 1466185112),
(808, 1949170730, 6, 44.5106316, 11.3490891, '32TPQ8671431274', 1058.09, 1466185113),
(809, 1949170730, 5, 44.5106316, 11.3490891, '32TPQ8671431274', 4, 1466185113),
(810, 1949170730, 6, 44.5106316, 11.3490891, '32TPQ8671431274', 1058.09, 1466185114),
(811, 1949170730, 5, 44.5106316, 11.3490891, '32TPQ8671431274', 4, 1466185114),
(812, 1949170730, 6, 44.5106316, 11.3490891, '32TPQ8671431274', 1058.09, 1466185115),
(813, 1949170730, 6, 44.5106316, 11.3490891, '32TPQ8671431274', 1058.09, 1466185116),
(814, 1949170730, 6, 44.5106316, 11.3490891, '32TPQ8671431274', 1058.09, 1466185117),
(815, 1949170730, 100, 44.5106316, 11.3490891, '32TPQ8671431274', 495, 1466185202),
(816, 1949170730, 5, 44.5106316, 11.3490891, '32TPQ8671431274', 4, 1466185202),
(817, 1949170730, 12, 44.5106316, 11.3490891, '32TPQ8671431274', 57.9842, 1466185202),
(818, 1949170730, 13, 44.5106316, 11.3490891, '32TPQ8671431274', -2.40096, 1466185202),
(819, 1949170730, 6, 44.5106316, 11.3490891, '32TPQ8671431274', 923.187, 1466185202),
(820, 1949170730, 5, 44.5106316, 11.3490891, '32TPQ8671431274', 4, 1466185203),
(821, 1949170730, 6, 44.5106316, 11.3490891, '32TPQ8671431274', 923.187, 1466185204),
(822, 1949170730, 5, 44.5106316, 11.3490891, '32TPQ8671431274', 4, 1466185205);
INSERT INTO `all_sensor_data` (`id`, `user`, `type`, `latitude`, `longitude`, `mgrs`, `value`, `timestamp`) VALUES
(823, 1949170730, 6, 44.5106316, 11.3490891, '32TPQ8671431274', 923.187, 1466185206),
(824, 1949170730, 5, 44.5106316, 11.3490891, '32TPQ8671431274', 4, 1466185206),
(825, 1949170730, 6, 44.5106316, 11.3490891, '32TPQ8671431274', 887.598, 1466185207),
(826, 1949170730, 5, 44.5106316, 11.3490891, '32TPQ8671431274', 4, 1466185207),
(827, 1949170730, 6, 44.5106316, 11.3490891, '32TPQ8671431274', 887.598, 1466185208),
(828, 1949170730, 5, 44.5106316, 11.3490891, '32TPQ8671431274', 4, 1466185209),
(829, 1949170730, 6, 44.5106316, 11.3490891, '32TPQ8671431274', 887.598, 1466185209),
(830, 1949170730, 5, 44.5106316, 11.3490891, '32TPQ8671431274', 4, 1466185210),
(831, 1949170730, 6, 44.5106316, 11.3490891, '32TPQ8671431274', 887.598, 1466185211),
(832, 1949170730, 5, 44.5106316, 11.3490891, '32TPQ8671431274', 4, 1466185212),
(833, 1949170730, 6, 44.5106316, 11.3490891, '32TPQ8671431274', 887.598, 1466185213),
(834, 1949170730, 5, 44.5106316, 11.3490891, '32TPQ8671431274', 4, 1466185213),
(835, 1949170730, 6, 44.5106316, 11.3490891, '32TPQ8671431274', 887.598, 1466185214),
(836, 1949170730, 5, 44.5106316, 11.3490891, '32TPQ8671431274', 4, 1466185214),
(837, 1949170730, 5, 44.5106316, 11.3490891, '32TPQ8671431274', 4, 1466185220),
(838, 1949170730, 6, 44.5106316, 11.3490891, '32TPQ8671431274', 887.598, 1466185220),
(839, 1949170730, 5, 44.5106316, 11.3490891, '32TPQ8671431274', 4, 1466185221),
(840, 1949170730, 6, 44.5106316, 11.3490891, '32TPQ8671431274', 887.598, 1466185221),
(841, 1949170730, 5, 44.5106316, 11.3490891, '32TPQ8671431274', 4, 1466185222),
(842, 1949170730, 6, 44.5106316, 11.3490891, '32TPQ8671431274', 887.598, 1466185222),
(843, 1949170730, 5, 44.5106316, 11.3490891, '32TPQ8671431274', 4, 1466185223),
(844, 1949170730, 6, 44.5106316, 11.3490891, '32TPQ8671431274', 887.598, 1466185224),
(845, 1949170730, 5, 44.5106316, 11.3490891, '32TPQ8671431274', 4, 1466185224),
(846, 1949170730, 6, 44.5106316, 11.3490891, '32TPQ8671431274', 887.598, 1466185224),
(847, 1949170730, 5, 44.5106316, 11.3490891, '32TPQ8671431274', 4, 1466185225),
(848, 1949170730, 6, 44.5106316, 11.3490891, '32TPQ8671431274', 887.598, 1466185226),
(849, 1949170730, 6, 44.5106316, 11.3490891, '32TPQ8671431274', 887.598, 1466185228),
(850, 1949170730, 100, 44.5106198, 11.3491262, '32TPQ8671731273', 527, 1466188614),
(851, 1949170730, 5, 44.5106198, 11.3491262, '32TPQ8671731273', 4, 1466188614),
(852, 1949170730, 13, 44.5106198, 11.3491262, '32TPQ8671731273', -7.02915, 1466188614),
(853, 1949170730, 12, 44.5106198, 11.3491262, '32TPQ8671731273', 52.6369, 1466188614),
(854, 1949170730, 6, 44.5106198, 11.3491262, '32TPQ8671731273', 902.817, 1466188614),
(855, 1949170730, 100, 44.5105266, 11.3486497, '32TPQ8668031262', 836, 1466188644),
(856, 1949170730, 5, 44.5105266, 11.3486497, '32TPQ8668031262', 4, 1466188644),
(857, 1949170730, 13, 44.5105266, 11.3486497, '32TPQ8668031262', -9.49325, 1466188644),
(858, 1949170730, 12, 44.5105266, 11.3486497, '32TPQ8668031262', 70.1452, 1466188644),
(859, 1949170730, 6, 44.5105266, 11.3486497, '32TPQ8668031262', 902.817, 1466188644),
(860, 1949170730, 100, 44.5105266, 11.3486497, '32TPQ8668031262', 750, 1466188803),
(861, 1949170730, 5, 44.5105266, 11.3486497, '32TPQ8668031262', 4, 1466188803),
(862, 1949170730, 13, 44.5105266, 11.3486497, '32TPQ8668031262', 12.5449, 1466188803),
(863, 1949170730, 12, 44.5105266, 11.3486497, '32TPQ8668031262', 86.5533, 1466188803),
(864, 1949170730, 6, 44.5105266, 11.3486497, '32TPQ8668031262', 939.135, 1466188803);

-- --------------------------------------------------------

--
-- Table structure for table `all_tel_data`
--

CREATE TABLE IF NOT EXISTS `all_tel_data` (
  `id` int(11) NOT NULL AUTO_INCREMENT,
  `user` int(11) NOT NULL,
  `tech` text NOT NULL,
  `latitude` double NOT NULL,
  `longitude` double NOT NULL,
  `mgrs` text NOT NULL,
  `operator` text NOT NULL,
  `strength` int(11) NOT NULL,
  `timestamp` bigint(20) NOT NULL,
  PRIMARY KEY (`id`)
) ENGINE=InnoDB  DEFAULT CHARSET=latin1 AUTO_INCREMENT=224 ;

--
-- Dumping data for table `all_tel_data`
--

INSERT INTO `all_tel_data` (`id`, `user`, `tech`, `latitude`, `longitude`, `mgrs`, `operator`, `strength`, `timestamp`) VALUES
(10, 1949170730, '3G', 44.5106093, 11.3490281, '32TPQ8671031272', 'I WIND', -80, 1465917667),
(11, 1949170730, '3G', 44.5106093, 11.3490281, '32TPQ8671031272', 'I WIND', -80, 1465917774),
(12, 1949170730, '3G', 44.5106093, 11.3490281, '32TPQ8671031272', 'I WIND', -87, 1465917819),
(13, 1949170730, '3G', 44.5106093, 11.3490281, '32TPQ8671031272', 'I WIND', -81, 1465917847),
(14, 1949170730, '3G', 44.5106093, 11.3490281, '32TPQ8671031272', 'I WIND', -85, 1465917923),
(15, 1949170730, '3G', 44.5106093, 11.3490281, '32TPQ8671031272', 'I WIND', -83, 1465917982),
(16, 1949170730, '3G', 44.5114388, 11.346307, '32TPQ8649131357', 'I WIND', -81, 1465918434),
(17, 1949170730, '3G', 44.510622, 11.3490248, '32TPQ8670931273', 'I WIND', -83, 1465918459),
(18, 1949170730, '3G', 44.510622, 11.3490248, '32TPQ8670931273', 'I WIND', -81, 1465918485),
(19, 1949170730, '3G', 44.510622, 11.3490248, '32TPQ8670931273', 'I WIND', -81, 1465918490),
(20, 1949170730, '3G', 44.510622, 11.3490248, '32TPQ8670931273', 'I WIND', -86, 1465918514),
(21, 1949170730, '3G', 44.510622, 11.3490248, '32TPQ8670931273', 'I WIND', -86, 1465918517),
(22, 1949170730, '3G', 44.510622, 11.3490248, '32TPQ8670931273', 'I WIND', -86, 1465918521),
(23, 1949170730, '3G', 44.510622, 11.3490248, '32TPQ8670931273', 'I WIND', -86, 1465918524),
(24, 1949170730, '3G', 44.5111581, 11.3461944, '32TPQ8648331326', 'I WIND', -82, 1465919107),
(25, 1949170730, '3G', 44.5111581, 11.3461944, '32TPQ8648331326', 'I WIND', -82, 1465919165),
(26, 1949170730, '3G', 44.5111581, 11.3461944, '32TPQ8648331326', 'I WIND', -77, 1465919234),
(27, 1949170730, '3G', 44.5105942, 11.3490625, '32TPQ8671231270', 'I WIND', -81, 1465919307),
(28, 1949170730, '3G', 44.5105942, 11.3490625, '32TPQ8671231270', 'I WIND', -75, 1465919364),
(29, 1949170730, '3G', 44.5106107, 11.3491061, '32TPQ8671631272', 'I WIND', -76, 1465920126),
(30, 1949170730, '3G', 44.5106107, 11.3491061, '32TPQ8671631272', 'I WIND', -79, 1465920144),
(31, 1949170730, '3G', 44.5096438, 11.3496526, '32TPQ8676231166', 'I WIND', -77, 1465920706),
(32, 1949170730, '3G', 44.5106354, 11.349085, '32TPQ8671431275', 'I WIND', -77, 1465920720),
(33, 1949170730, '3G', 44.5106354, 11.349085, '32TPQ8671431275', 'I WIND', -77, 1465920720),
(34, 1949170730, '3G', 44.5106354, 11.349085, '32TPQ8671431275', 'I WIND', -77, 1465920734),
(35, 1949170730, '3G', 44.5104434, 11.348724, '32TPQ8668631252', 'I WIND', -77, 1465920829),
(36, 1949170730, '3G', 44.5096438, 11.3496526, '32TPQ8676231166', 'I WIND', -76, 1465921066),
(37, 1949170730, '3G', 44.5106211, 11.3491099, '32TPQ8671631273', 'I WIND', -75, 1465921097),
(38, 1949170730, '3G', 44.5106335, 11.349106, '32TPQ8671631274', 'I WIND', -75, 1465921167),
(39, 1949170730, '3G', 44.5106783, 11.3491233, '32TPQ8671731279', 'I WIND', -79, 1465921451),
(40, 1949170730, '3G', 44.5111581, 11.3461944, '32TPQ8648331326', 'I WIND', -74, 1465922178),
(41, 1949170730, '3G', 44.5106081, 11.3490814, '32TPQ8671431272', 'I WIND', -83, 1465922245),
(42, 1949170730, '3G', 44.5106278, 11.3490939, '32TPQ8671531274', 'I WIND', -82, 1465922306),
(43, 1949170730, '3G', 44.5106278, 11.3490939, '32TPQ8671531274', 'I WIND', -82, 1465922358),
(44, 1949170730, '3G', 44.5104348, 11.3487078, '32TPQ8668531251', 'I WIND', -82, 1465922370),
(45, 1949170730, '3G', 44.5106126, 11.349126, '32TPQ8671731272', 'I WIND', -82, 1465922447),
(46, 1949170730, '3G', 44.5106344, 11.3491094, '32TPQ8671631275', 'I WIND', -79, 1465922661),
(47, 1949170730, '3G', 44.5106344, 11.3491094, '32TPQ8671631275', 'I WIND', -79, 1465922711),
(48, 1949170730, '3G', 44.5106344, 11.3491094, '32TPQ8671631275', 'I WIND', -78, 1465922754),
(49, 1949170730, '3G', 44.5106344, 11.3491094, '32TPQ8671631275', 'I WIND', -81, 1465922787),
(50, 1949170730, '3G', 44.5106344, 11.3491094, '32TPQ8671631275', 'I WIND', -81, 1465922847),
(51, 1949170730, '3G', 44.5106344, 11.3491094, '32TPQ8671631275', 'I WIND', -81, 1465922904),
(52, 1949170730, '3G', 44.5106076, 11.3490875, '32TPQ8671431272', 'I WIND', -81, 1465922998),
(53, 1949170730, '3G', 44.5106176, 11.3491039, '32TPQ8671631273', 'I WIND', -81, 1465923037),
(54, 1949170730, '3G', 44.5106176, 11.3491039, '32TPQ8671631273', 'I WIND', -78, 1465923168),
(55, 1949170730, '3G', 44.5113022, 11.3427968, '32TPQ8621231334', 'I WIND', -88, 1466074377),
(56, 1949170730, '3G', 44.5113022, 11.3427968, '32TPQ8621231334', 'I WIND', -77, 1466074637),
(57, 1949170730, '3G', 44.5113022, 11.3427968, '32TPQ8621231334', 'I WIND', -79, 1466074818),
(58, 1949170730, '3G', 44.5113022, 11.3427968, '32TPQ8621231334', 'I WIND', -82, 1466074829),
(59, 1949170730, '3G', 44.5113022, 11.3427968, '32TPQ8621231334', 'I WIND', -82, 1466074834),
(60, 1949170730, '3G', 44.5113022, 11.3427968, '32TPQ8621231334', 'I WIND', -82, 1466074847),
(61, 1949170730, '3G', 44.5113022, 11.3427968, '32TPQ8621231334', 'I WIND', -84, 1466074860),
(62, 1949170730, '3G', 44.5113022, 11.3427968, '32TPQ8621231334', 'I WIND', -84, 1466074873),
(63, 1949170730, '3G', 44.5112037, 11.3428269, '32TPQ8621531323', 'I WIND', -87, 1466075850),
(64, 1949170730, '3G', 44.5112037, 11.3428269, '32TPQ8621531323', 'I WIND', -82, 1466075905),
(65, 1949170730, '3G', 44.5112037, 11.3428269, '32TPQ8621531323', 'I WIND', -86, 1466075937),
(66, 1949170730, '3G', 44.5112037, 11.3428269, '32TPQ8621531323', 'I WIND', -84, 1466076118),
(67, 1949170730, '3G', 44.5112037, 11.3428269, '32TPQ8621531323', 'I WIND', -84, 1466076201),
(68, 1949170730, '3G', 44.5112037, 11.3428269, '32TPQ8621531323', 'I WIND', -86, 1466076330),
(70, 1949170730, '3G', 44.5111749, 11.3427313, '32TPQ8620731320', 'I WIND', -85, 1466076487),
(71, 1949170730, '3G', 44.5112107, 11.3428376, '32TPQ8621631324', 'I WIND', -86, 1466077659),
(72, 1949170730, '3G', 44.5112071, 11.3427575, '32TPQ8620931324', 'I WIND', -79, 1466077976),
(73, 1949170730, '3G', 44.5112071, 11.3427575, '32TPQ8620931324', 'I WIND', -84, 1466077990),
(74, 1949170730, '3G', 44.5111457, 11.342689, '32TPQ8620431317', 'I WIND', -82, 1466078047),
(75, 1949170730, '3G', 44.5111426, 11.3427396, '32TPQ8620831316', 'I WIND', -82, 1466078074),
(76, 1949170730, '3G', 44.5112247, 11.3427989, '32TPQ8621231326', 'I WIND', -84, 1466078225),
(77, 1949170730, '3G', 44.5112247, 11.3427989, '32TPQ8621231326', 'I WIND', -82, 1466078260),
(78, 1949170730, '3G', 44.5112247, 11.3427989, '32TPQ8621231326', 'I WIND', -82, 1466078301),
(79, 1949170730, '3G', 44.5112247, 11.3427989, '32TPQ8621231326', 'I WIND', -82, 1466078351),
(80, 1949170730, '3G', 44.5111764, 11.3427034, '32TPQ8620531320', 'I WIND', -80, 1466081470),
(81, 1949170730, '3G', 44.5110657, 11.3427648, '32TPQ8621031308', 'I WIND', -80, 1466081619),
(85, 1949170730, '3G', 44.5112355, 11.3429, '32TPQ8622031327', 'I WIND', -88, 1466083911),
(86, 1949170730, '3G', 44.5112355, 11.3429, '32TPQ8622031327', 'I WIND', -88, 1466083913),
(87, 1949170730, '3G', 44.5112355, 11.3429, '32TPQ8622031327', 'I WIND', -90, 1466083914),
(88, 1949170730, '3G', 44.5112355, 11.3429, '32TPQ8622031327', 'I WIND', -90, 1466083915),
(89, 1949170730, '3G', 44.5110222, 11.3430787, '32TPQ8623531304', 'I WIND', -90, 1466083916),
(90, 1949170730, '3G', 44.5110222, 11.3430787, '32TPQ8623531304', 'I WIND', -90, 1466083917),
(91, 1949170730, '3G', 44.5110222, 11.3430787, '32TPQ8623531304', 'I WIND', -90, 1466083918),
(92, 1949170730, '3G', 44.5110222, 11.3430787, '32TPQ8623531304', 'I WIND', -90, 1466083919),
(93, 1949170730, '3G', 44.5110222, 11.3430787, '32TPQ8623531304', 'I WIND', -90, 1466083921),
(94, 1949170730, '3G', 44.5110222, 11.3430787, '32TPQ8623531304', 'I WIND', -90, 1466083921),
(95, 1949170730, '3G', 44.5110222, 11.3430787, '32TPQ8623531304', 'I WIND', -90, 1466083921),
(96, 1949170730, '3G', 44.5110222, 11.3430787, '32TPQ8623531304', 'I WIND', -90, 1466083922),
(97, 1949170730, '3G', 44.5110222, 11.3430787, '32TPQ8623531304', 'I WIND', -90, 1466083923),
(98, 1949170730, '3G', 44.5110222, 11.3430787, '32TPQ8623531304', 'I WIND', -90, 1466083924),
(99, 1949170730, '3G', 44.5110222, 11.3430787, '32TPQ8623531304', 'I WIND', -90, 1466083925),
(100, 1949170730, '3G', 44.5110222, 11.3430787, '32TPQ8623531304', 'I WIND', -90, 1466083925),
(101, 1949170730, '3G', 44.5110222, 11.3430787, '32TPQ8623531304', 'I WIND', -90, 1466083926),
(102, 1949170730, '3G', 44.5110222, 11.3430787, '32TPQ8623531304', 'I WIND', -90, 1466083926),
(103, 1949170730, '3G', 44.5110222, 11.3430787, '32TPQ8623531304', 'I WIND', -90, 1466083927),
(104, 1949170730, '3G', 44.5110222, 11.3430787, '32TPQ8623531304', 'I WIND', -90, 1466083927),
(105, 1949170730, '3G', 44.510553, 11.3486267, '32TPQ8667831264', 'I WIND', -80, 1466098891),
(108, 1974671864, 'Unknown', 44.508802, 11.3493147, '32TPQ8673831071', '', 0, 1466184840),
(110, 1949170730, '3G', 44.5106316, 11.3490891, '32TPQ8671431274', 'I WIND', -80, 1466185066),
(111, 1949170730, '3G', 44.5106316, 11.3490891, '32TPQ8671431274', 'I WIND', -80, 1466185068),
(112, 1949170730, '3G', 44.5106316, 11.3490891, '32TPQ8671431274', 'I WIND', -80, 1466185068),
(113, 1949170730, '3G', 44.5106316, 11.3490891, '32TPQ8671431274', 'I WIND', -80, 1466185070),
(114, 1949170730, '3G', 44.5106316, 11.3490891, '32TPQ8671431274', 'I WIND', -77, 1466185071),
(115, 1949170730, '3G', 44.5106316, 11.3490891, '32TPQ8671431274', 'I WIND', -77, 1466185073),
(116, 1949170730, '3G', 44.5106316, 11.3490891, '32TPQ8671431274', 'I WIND', -77, 1466185075),
(117, 1949170730, '3G', 44.5106316, 11.3490891, '32TPQ8671431274', 'I WIND', -77, 1466185076),
(118, 1949170730, '3G', 44.5106316, 11.3490891, '32TPQ8671431274', 'I WIND', -77, 1466185077),
(119, 1949170730, '3G', 44.5106316, 11.3490891, '32TPQ8671431274', 'I WIND', -77, 1466185077),
(120, 1949170730, '3G', 44.5106316, 11.3490891, '32TPQ8671431274', 'I WIND', -77, 1466185078),
(121, 1949170730, '3G', 44.5106316, 11.3490891, '32TPQ8671431274', 'I WIND', -77, 1466185078),
(122, 1949170730, '3G', 44.5106316, 11.3490891, '32TPQ8671431274', 'I WIND', -77, 1466185079),
(123, 1949170730, '3G', 44.5106316, 11.3490891, '32TPQ8671431274', 'I WIND', -77, 1466185080),
(124, 1949170730, '3G', 44.5106316, 11.3490891, '32TPQ8671431274', 'I WIND', -77, 1466185081),
(125, 1949170730, '3G', 44.5106316, 11.3490891, '32TPQ8671431274', 'I WIND', -77, 1466185082),
(126, 1974671864, 'Unknown', 44.5106248, 11.3490343, '32TPQ8671031273', '', 0, 1466185083),
(127, 1949170730, '3G', 44.5106316, 11.3490891, '32TPQ8671431274', 'I WIND', -77, 1466185083),
(128, 1949170730, '3G', 44.5106316, 11.3490891, '32TPQ8671431274', 'I WIND', -77, 1466185084),
(129, 1949170730, '3G', 44.5106316, 11.3490891, '32TPQ8671431274', 'I WIND', -77, 1466185085),
(130, 1949170730, '3G', 44.5106316, 11.3490891, '32TPQ8671431274', 'I WIND', -81, 1466185087),
(131, 1949170730, '3G', 44.5106316, 11.3490891, '32TPQ8671431274', 'I WIND', -81, 1466185088),
(132, 1949170730, '3G', 44.5106316, 11.3490891, '32TPQ8671431274', 'I WIND', -81, 1466185089),
(133, 1949170730, '3G', 44.5106316, 11.3490891, '32TPQ8671431274', 'I WIND', -81, 1466185090),
(134, 1949170730, '3G', 44.5106316, 11.3490891, '32TPQ8671431274', 'I WIND', -81, 1466185092),
(135, 1949170730, '3G', 44.5106316, 11.3490891, '32TPQ8671431274', 'I WIND', -85, 1466185093),
(136, 1949170730, '3G', 44.5106316, 11.3490891, '32TPQ8671431274', 'I WIND', -85, 1466185094),
(137, 1949170730, '3G', 44.5106316, 11.3490891, '32TPQ8671431274', 'I WIND', -85, 1466185095),
(138, 1949170730, '3G', 44.5106316, 11.3490891, '32TPQ8671431274', 'I WIND', -85, 1466185096),
(139, 1949170730, '3G', 44.5106316, 11.3490891, '32TPQ8671431274', 'I WIND', -85, 1466185097),
(140, 1949170730, '3G', 44.5106316, 11.3490891, '32TPQ8671431274', 'I WIND', -88, 1466185098),
(141, 1949170730, '3G', 44.5106316, 11.3490891, '32TPQ8671431274', 'I WIND', -88, 1466185100),
(142, 1949170730, '3G', 44.5106316, 11.3490891, '32TPQ8671431274', 'I WIND', -88, 1466185101),
(143, 1949170730, '3G', 44.5106316, 11.3490891, '32TPQ8671431274', 'I WIND', -88, 1466185102),
(144, 1949170730, '3G', 44.5106316, 11.3490891, '32TPQ8671431274', 'I WIND', -88, 1466185103),
(145, 1949170730, '3G', 44.5106316, 11.3490891, '32TPQ8671431274', 'I WIND', -83, 1466185105),
(146, 1949170730, '3G', 44.5106316, 11.3490891, '32TPQ8671431274', 'I WIND', -83, 1466185106),
(147, 1949170730, '3G', 44.5106316, 11.3490891, '32TPQ8671431274', 'I WIND', -83, 1466185107),
(148, 1949170730, '3G', 44.5106316, 11.3490891, '32TPQ8671431274', 'I WIND', -83, 1466185109),
(149, 1949170730, '3G', 44.5106316, 11.3490891, '32TPQ8671431274', 'I WIND', -83, 1466185110),
(150, 1949170730, '3G', 44.5106316, 11.3490891, '32TPQ8671431274', 'I WIND', -83, 1466185111),
(151, 1949170730, '3G', 44.5106316, 11.3490891, '32TPQ8671431274', 'I WIND', -83, 1466185113),
(152, 1949170730, '3G', 44.5106316, 11.3490891, '32TPQ8671431274', 'I WIND', -78, 1466185113),
(153, 1949170730, '3G', 44.5106316, 11.3490891, '32TPQ8671431274', 'I WIND', -78, 1466185115),
(154, 1949170730, '3G', 44.5106316, 11.3490891, '32TPQ8671431274', 'I WIND', -78, 1466185116),
(155, 1949170730, '3G', 44.5106316, 11.3490891, '32TPQ8671431274', 'I WIND', -78, 1466185117),
(156, 1949170730, '3G', 44.5106316, 11.3490891, '32TPQ8671431274', 'I WIND', -78, 1466185118),
(157, 1949170730, '3G', 44.5106316, 11.3490891, '32TPQ8671431274', 'I WIND', -78, 1466185121),
(158, 1949170730, '3G', 44.5106316, 11.3490891, '32TPQ8671431274', 'I WIND', -78, 1466185121),
(159, 1949170730, '3G', 44.5106316, 11.3490891, '32TPQ8671431274', 'I WIND', -78, 1466185122),
(160, 1949170730, '3G', 44.5106316, 11.3490891, '32TPQ8671431274', 'I WIND', -78, 1466185122),
(161, 1949170730, '3G', 44.5106316, 11.3490891, '32TPQ8671431274', 'I WIND', -78, 1466185123),
(162, 1949170730, '3G', 44.5106316, 11.3490891, '32TPQ8671431274', 'I WIND', -78, 1466185123),
(163, 1949170730, '3G', 44.5106316, 11.3490891, '32TPQ8671431274', 'I WIND', -78, 1466185123),
(164, 1949170730, '3G', 44.5106316, 11.3490891, '32TPQ8671431274', 'I WIND', -78, 1466185124),
(165, 1949170730, '3G', 44.5106316, 11.3490891, '32TPQ8671431274', 'I WIND', -78, 1466185124),
(166, 1949170730, '3G', 44.5106316, 11.3490891, '32TPQ8671431274', 'I WIND', -78, 1466185124),
(167, 1949170730, '3G', 44.5106316, 11.3490891, '32TPQ8671431274', 'I WIND', -78, 1466185125),
(168, 1949170730, '3G', 44.5106316, 11.3490891, '32TPQ8671431274', 'I WIND', -78, 1466185125),
(169, 1949170730, '3G', 44.5106316, 11.3490891, '32TPQ8671431274', 'I WIND', -78, 1466185125),
(170, 1949170730, '3G', 44.5106316, 11.3490891, '32TPQ8671431274', 'I WIND', -78, 1466185126),
(171, 1949170730, '3G', 44.5106316, 11.3490891, '32TPQ8671431274', 'I WIND', -78, 1466185126),
(172, 1949170730, '3G', 44.5106316, 11.3490891, '32TPQ8671431274', 'I WIND', -78, 1466185127),
(173, 1949170730, '3G', 44.5106316, 11.3490891, '32TPQ8671431274', 'I WIND', -78, 1466185127),
(174, 1949170730, '3G', 44.5106316, 11.3490891, '32TPQ8671431274', 'I WIND', -83, 1466185130),
(175, 1949170730, '3G', 44.5106316, 11.3490891, '32TPQ8671431274', 'I WIND', -83, 1466185130),
(176, 1949170730, '3G', 44.5106316, 11.3490891, '32TPQ8671431274', 'I WIND', -83, 1466185131),
(177, 1949170730, '3G', 44.5106316, 11.3490891, '32TPQ8671431274', 'I WIND', -83, 1466185132),
(178, 1949170730, '3G', 44.5106316, 11.3490891, '32TPQ8671431274', 'I WIND', -83, 1466185132),
(179, 1949170730, '3G', 44.5106316, 11.3490891, '32TPQ8671431274', 'I WIND', -83, 1466185133),
(180, 1949170730, '3G', 44.5106316, 11.3490891, '32TPQ8671431274', 'I WIND', -83, 1466185133),
(181, 1949170730, '3G', 44.5106316, 11.3490891, '32TPQ8671431274', 'I WIND', -83, 1466185133),
(182, 1949170730, '3G', 44.5106316, 11.3490891, '32TPQ8671431274', 'I WIND', -83, 1466185134),
(183, 1949170730, '3G', 44.5106316, 11.3490891, '32TPQ8671431274', 'I WIND', -83, 1466185134),
(184, 1949170730, '3G', 44.5106316, 11.3490891, '32TPQ8671431274', 'I WIND', -83, 1466185135),
(185, 1949170730, '3G', 44.5106316, 11.3490891, '32TPQ8671431274', 'I WIND', -83, 1466185191),
(186, 1949170730, '3G', 44.5106316, 11.3490891, '32TPQ8671431274', 'I WIND', -83, 1466185191),
(187, 1949170730, '3G', 44.5106316, 11.3490891, '32TPQ8671431274', 'I WIND', -83, 1466185192),
(188, 1949170730, '3G', 44.5106316, 11.3490891, '32TPQ8671431274', 'I WIND', -83, 1466185192),
(189, 1949170730, '3G', 44.5106316, 11.3490891, '32TPQ8671431274', 'I WIND', -83, 1466185193),
(190, 1949170730, '3G', 44.5106316, 11.3490891, '32TPQ8671431274', 'I WIND', -83, 1466185193),
(191, 1949170730, '3G', 44.5106316, 11.3490891, '32TPQ8671431274', 'I WIND', -83, 1466185193),
(192, 1949170730, '3G', 44.5106316, 11.3490891, '32TPQ8671431274', 'I WIND', -85, 1466185193),
(193, 1949170730, '3G', 44.5106316, 11.3490891, '32TPQ8671431274', 'I WIND', -85, 1466185194),
(194, 1949170730, '3G', 44.5106316, 11.3490891, '32TPQ8671431274', 'I WIND', -85, 1466185194),
(195, 1949170730, '3G', 44.5106316, 11.3490891, '32TPQ8671431274', 'I WIND', -85, 1466185195),
(196, 1949170730, '3G', 44.5106316, 11.3490891, '32TPQ8671431274', 'I WIND', -85, 1466185195),
(197, 1949170730, '3G', 44.5106316, 11.3490891, '32TPQ8671431274', 'I WIND', -85, 1466185195),
(198, 1949170730, '3G', 44.5106316, 11.3490891, '32TPQ8671431274', 'I WIND', -87, 1466185202),
(199, 1949170730, '3G', 44.5106316, 11.3490891, '32TPQ8671431274', 'I WIND', -87, 1466185204),
(200, 1949170730, '3G', 44.5106316, 11.3490891, '32TPQ8671431274', 'I WIND', -87, 1466185204),
(201, 1949170730, '3G', 44.5106316, 11.3490891, '32TPQ8671431274', 'I WIND', -87, 1466185205),
(202, 1949170730, '3G', 44.5106316, 11.3490891, '32TPQ8671431274', 'I WIND', -88, 1466185206),
(203, 1949170730, '3G', 44.5106316, 11.3490891, '32TPQ8671431274', 'I WIND', -88, 1466185206),
(204, 1949170730, '3G', 44.5106316, 11.3490891, '32TPQ8671431274', 'I WIND', -88, 1466185207),
(205, 1949170730, '3G', 44.5106316, 11.3490891, '32TPQ8671431274', 'I WIND', -88, 1466185208),
(206, 1949170730, '3G', 44.5106316, 11.3490891, '32TPQ8671431274', 'I WIND', -88, 1466185208),
(207, 1949170730, '3G', 44.5106316, 11.3490891, '32TPQ8671431274', 'I WIND', -88, 1466185209),
(208, 1949170730, '3G', 44.5106316, 11.3490891, '32TPQ8671431274', 'I WIND', -88, 1466185211),
(209, 1949170730, '3G', 44.5106316, 11.3490891, '32TPQ8671431274', 'I WIND', -88, 1466185212),
(210, 1949170730, '3G', 44.5106316, 11.3490891, '32TPQ8671431274', 'I WIND', -88, 1466185212),
(211, 1949170730, '3G', 44.5106316, 11.3490891, '32TPQ8671431274', 'I WIND', -88, 1466185213),
(212, 1949170730, '3G', 44.5106316, 11.3490891, '32TPQ8671431274', 'I WIND', -88, 1466185213),
(213, 1949170730, '3G', 44.5106316, 11.3490891, '32TPQ8671431274', 'I WIND', -88, 1466185214),
(214, 1949170730, '3G', 44.5106316, 11.3490891, '32TPQ8671431274', 'I WIND', -80, 1466185215),
(215, 1949170730, '3G', 44.5106316, 11.3490891, '32TPQ8671431274', 'I WIND', -80, 1466185220),
(216, 1949170730, '3G', 44.5106316, 11.3490891, '32TPQ8671431274', 'I WIND', -80, 1466185221),
(217, 1949170730, '3G', 44.5106316, 11.3490891, '32TPQ8671431274', 'I WIND', -80, 1466185222),
(218, 1949170730, '3G', 44.5106316, 11.3490891, '32TPQ8671431274', 'I WIND', -80, 1466185223),
(219, 1949170730, '3G', 44.5106316, 11.3490891, '32TPQ8671431274', 'I WIND', -80, 1466185224),
(220, 1949170730, '3G', 44.5106316, 11.3490891, '32TPQ8671431274', 'I WIND', -80, 1466185225),
(221, 1949170730, '3G', 44.5106198, 11.3491262, '32TPQ8671731273', 'I WIND', -79, 1466188614),
(222, 1949170730, '3G', 44.5105266, 11.3486497, '32TPQ8668031262', 'I WIND', -82, 1466188644),
(223, 1949170730, '3G', 44.5105266, 11.3486497, '32TPQ8668031262', 'I WIND', -77, 1466188803);

-- --------------------------------------------------------

--
-- Table structure for table `all_wifi_data`
--

CREATE TABLE IF NOT EXISTS `all_wifi_data` (
  `id` int(11) NOT NULL AUTO_INCREMENT,
  `user` int(11) NOT NULL,
  `latitude` double NOT NULL,
  `longitude` double NOT NULL,
  `mgrs` text NOT NULL,
  `ssid` text NOT NULL,
  `bssid` text NOT NULL,
  `strength` int(11) NOT NULL,
  `timestamp` bigint(20) NOT NULL,
  PRIMARY KEY (`id`)
) ENGINE=InnoDB  DEFAULT CHARSET=latin1 AUTO_INCREMENT=98 ;

--
-- Dumping data for table `all_wifi_data`
--

INSERT INTO `all_wifi_data` (`id`, `user`, `latitude`, `longitude`, `mgrs`, `ssid`, `bssid`, `strength`, `timestamp`) VALUES
(11, 1949170730, 44.5106093, 11.3490281, '32TPQ8671031272', '"FollowTheWhiteRabbit"', '30:91:8f:7f:40:6b', -63, 1465917667),
(12, 1949170730, 44.5106093, 11.3490281, '32TPQ8671031272', '"FollowTheWhiteRabbit"', '30:91:8f:7f:40:6b', -62, 1465917774),
(13, 1949170730, 44.5106093, 11.3490281, '32TPQ8671031272', '"FollowTheWhiteRabbit"', '30:91:8f:7f:40:6b', -61, 1465917819),
(14, 1949170730, 44.5106093, 11.3490281, '32TPQ8671031272', '"FollowTheWhiteRabbit"', '30:91:8f:7f:40:6b', -58, 1465917847),
(15, 1949170730, 44.5106093, 11.3490281, '32TPQ8671031272', '"FollowTheWhiteRabbit"', '30:91:8f:7f:40:6b', -59, 1465917923),
(16, 1949170730, 44.5106093, 11.3490281, '32TPQ8671031272', '"FollowTheWhiteRabbit"', '30:91:8f:7f:40:6b', -60, 1465917982),
(17, 1949170730, 44.5114388, 11.346307, '32TPQ8649131357', '"FollowTheWhiteRabbit"', '30:91:8f:7f:40:6b', -58, 1465918434),
(18, 1949170730, 44.510622, 11.3490248, '32TPQ8670931273', '"FollowTheWhiteRabbit"', '30:91:8f:7f:40:6b', -59, 1465918459),
(19, 1949170730, 44.510622, 11.3490248, '32TPQ8670931273', '"FollowTheWhiteRabbit"', '30:91:8f:7f:40:6b', -59, 1465918484),
(20, 1949170730, 44.510622, 11.3490248, '32TPQ8670931273', '"FollowTheWhiteRabbit"', '30:91:8f:7f:40:6b', -62, 1465918490),
(21, 1949170730, 44.510622, 11.3490248, '32TPQ8670931273', '"FollowTheWhiteRabbit"', '30:91:8f:7f:40:6b', -58, 1465918514),
(22, 1949170730, 44.510622, 11.3490248, '32TPQ8670931273', '"FollowTheWhiteRabbit"', '30:91:8f:7f:40:6b', -59, 1465918517),
(23, 1949170730, 44.510622, 11.3490248, '32TPQ8670931273', '"FollowTheWhiteRabbit"', '30:91:8f:7f:40:6b', -58, 1465918521),
(24, 1949170730, 44.510622, 11.3490248, '32TPQ8670931273', '"FollowTheWhiteRabbit"', '30:91:8f:7f:40:6b', -58, 1465918524),
(25, 1949170730, 44.5111581, 11.3461944, '32TPQ8648331326', '"FollowTheWhiteRabbit"', '30:91:8f:7f:40:6b', -60, 1465919073),
(26, 1949170730, 44.5111581, 11.3461944, '32TPQ8648331326', '"FollowTheWhiteRabbit"', '30:91:8f:7f:40:6b', -60, 1465919167),
(27, 1949170730, 44.5105942, 11.3490625, '32TPQ8671231270', '"FollowTheWhiteRabbit"', '30:91:8f:7f:40:6b', -59, 1465919253),
(28, 1949170730, 44.5105942, 11.3490625, '32TPQ8671231270', '"FollowTheWhiteRabbit"', '30:91:8f:7f:40:6b', -59, 1465919337),
(29, 1949170730, 44.5105942, 11.3490625, '32TPQ8671231270', '"FollowTheWhiteRabbit"', '30:91:8f:7f:40:6b', -68, 1465919420),
(30, 1949170730, 44.5106107, 11.3491061, '32TPQ8671631272', '"FollowTheWhiteRabbit"', '30:91:8f:7f:40:6b', -63, 1465920126),
(31, 1949170730, 44.5106107, 11.3491061, '32TPQ8671631272', '"FollowTheWhiteRabbit"', '30:91:8f:7f:40:6b', -59, 1465920144),
(32, 1949170730, 44.5096438, 11.3496526, '32TPQ8676231166', '"FollowTheWhiteRabbit"', '30:91:8f:7f:40:6b', -59, 1465920706),
(33, 1949170730, 44.5106354, 11.349085, '32TPQ8671431275', '"FollowTheWhiteRabbit"', '30:91:8f:7f:40:6b', -57, 1465920721),
(34, 1949170730, 44.5106354, 11.349085, '32TPQ8671431275', '"FollowTheWhiteRabbit"', '30:91:8f:7f:40:6b', -59, 1465920734),
(35, 1949170730, 44.5096438, 11.3496526, '32TPQ8676231166', '"FollowTheWhiteRabbit"', '30:91:8f:7f:40:6b', -61, 1465921035),
(36, 1949170730, 44.5096438, 11.3496526, '32TPQ8676231166', '"FollowTheWhiteRabbit"', '30:91:8f:7f:40:6b', -60, 1465921066),
(37, 1949170730, 44.5106211, 11.3491099, '32TPQ8671631273', '"FollowTheWhiteRabbit"', '30:91:8f:7f:40:6b', -57, 1465921097),
(38, 1949170730, 44.5106335, 11.349106, '32TPQ8671631274', '"FollowTheWhiteRabbit"', '30:91:8f:7f:40:6b', -61, 1465921167),
(39, 1949170730, 44.5106783, 11.3491233, '32TPQ8671731279', '"FollowTheWhiteRabbit"', '30:91:8f:7f:40:6b', -59, 1465921451),
(40, 1949170730, 44.5111581, 11.3461944, '32TPQ8648331326', '"FollowTheWhiteRabbit"', '30:91:8f:7f:40:6b', -60, 1465922178),
(41, 1949170730, 44.5106081, 11.3490814, '32TPQ8671431272', '"FollowTheWhiteRabbit"', '30:91:8f:7f:40:6b', -60, 1465922245),
(42, 1949170730, 44.5106278, 11.3490939, '32TPQ8671531274', '"FollowTheWhiteRabbit"', '30:91:8f:7f:40:6b', -58, 1465922306),
(43, 1949170730, 44.5106278, 11.3490939, '32TPQ8671531274', '"FollowTheWhiteRabbit"', '30:91:8f:7f:40:6b', -57, 1465922358),
(44, 1949170730, 44.5104348, 11.3487078, '32TPQ8668531251', '"FollowTheWhiteRabbit"', '30:91:8f:7f:40:6b', -58, 1465922370),
(45, 1949170730, 44.5106344, 11.3491094, '32TPQ8671631275', '"FollowTheWhiteRabbit"', '30:91:8f:7f:40:6b', -58, 1465922661),
(46, 1949170730, 44.5106344, 11.3491094, '32TPQ8671631275', '"FollowTheWhiteRabbit"', '30:91:8f:7f:40:6b', -60, 1465922710),
(47, 1949170730, 44.5106344, 11.3491094, '32TPQ8671631275', '"FollowTheWhiteRabbit"', '30:91:8f:7f:40:6b', -60, 1465922754),
(48, 1949170730, 44.5106344, 11.3491094, '32TPQ8671631275', '"FollowTheWhiteRabbit"', '30:91:8f:7f:40:6b', -59, 1465922787),
(49, 1949170730, 44.5106344, 11.3491094, '32TPQ8671631275', '"FollowTheWhiteRabbit"', '30:91:8f:7f:40:6b', -60, 1465922847),
(50, 1949170730, 44.5106344, 11.3491094, '32TPQ8671631275', '"FollowTheWhiteRabbit"', '30:91:8f:7f:40:6b', -59, 1465922904),
(51, 1949170730, 44.5106076, 11.3490875, '32TPQ8671431272', '"FollowTheWhiteRabbit"', '30:91:8f:7f:40:6b', -58, 1465922998),
(52, 1949170730, 44.5106176, 11.3491039, '32TPQ8671631273', '"FollowTheWhiteRabbit"', '30:91:8f:7f:40:6b', -58, 1465923037),
(53, 1949170730, 44.5106176, 11.3491039, '32TPQ8671631273', '"FollowTheWhiteRabbit"', '30:91:8f:7f:40:6b', -57, 1465923168),
(54, 1949170730, 44.5113022, 11.3427968, '32TPQ8621231334', '"TNCAPEB6F9A"', 'a4:b1:e9:eb:6f:9a', -59, 1466074377),
(55, 1949170730, 44.5113022, 11.3427968, '32TPQ8621231334', '"TNCAPEB6F9A"', 'a4:b1:e9:eb:6f:9a', -55, 1466074637),
(56, 1949170730, 44.5113022, 11.3427968, '32TPQ8621231334', '"TNCAPEB6F9A"', 'a4:b1:e9:eb:6f:9a', -55, 1466074818),
(57, 1949170730, 44.5113022, 11.3427968, '32TPQ8621231334', '"TNCAPEB6F9A"', 'a4:b1:e9:eb:6f:9a', -54, 1466074829),
(58, 1949170730, 44.5113022, 11.3427968, '32TPQ8621231334', '"TNCAPEB6F9A"', 'a4:b1:e9:eb:6f:9a', -60, 1466074834),
(59, 1949170730, 44.5113022, 11.3427968, '32TPQ8621231334', '"TNCAPEB6F9A"', 'a4:b1:e9:eb:6f:9a', -59, 1466074847),
(60, 1949170730, 44.5113022, 11.3427968, '32TPQ8621231334', '"TNCAPEB6F9A"', 'a4:b1:e9:eb:6f:9a', -62, 1466074860),
(61, 1949170730, 44.5113022, 11.3427968, '32TPQ8621231334', '"TNCAPEB6F9A"', 'a4:b1:e9:eb:6f:9a', -61, 1466074873),
(62, 1949170730, 44.5112037, 11.3428269, '32TPQ8621531323', '"TNCAPEB6F9A"', 'a4:b1:e9:eb:6f:9a', -56, 1466075851),
(63, 1949170730, 44.5112037, 11.3428269, '32TPQ8621531323', '"TNCAPEB6F9A"', 'a4:b1:e9:eb:6f:9a', -58, 1466075905),
(64, 1949170730, 44.5112037, 11.3428269, '32TPQ8621531323', '"TNCAPEB6F9A"', 'a4:b1:e9:eb:6f:9a', -54, 1466075937),
(65, 1949170730, 44.5112037, 11.3428269, '32TPQ8621531323', '"TNCAPEB6F9A"', 'a4:b1:e9:eb:6f:9a', -61, 1466076118),
(66, 1949170730, 44.5112037, 11.3428269, '32TPQ8621531323', '"TNCAPEB6F9A"', 'a4:b1:e9:eb:6f:9a', -62, 1466076201),
(67, 1949170730, 44.5112037, 11.3428269, '32TPQ8621531323', '"TNCAPEB6F9A"', 'a4:b1:e9:eb:6f:9a', -51, 1466076330),
(69, 1949170730, 44.5111749, 11.3427313, '32TPQ8620731320', '"TNCAPEB6F9A"', 'a4:b1:e9:eb:6f:9a', -58, 1466076487),
(70, 1949170730, 44.5111722, 11.342852, '32TPQ8621731320', '"TNCAPEB6F9A"', 'a4:b1:e9:eb:6f:9a', -57, 1466077486),
(71, 1949170730, 44.5112107, 11.3428376, '32TPQ8621631324', '"TNCAPEB6F9A"', 'a4:b1:e9:eb:6f:9a', -57, 1466077659),
(72, 1949170730, 44.5112071, 11.3427575, '32TPQ8620931324', '"TNCAPEB6F9A"', 'a4:b1:e9:eb:6f:9a', -59, 1466077976),
(73, 1949170730, 44.5112071, 11.3427575, '32TPQ8620931324', '"TNCAPEB6F9A"', 'a4:b1:e9:eb:6f:9a', -60, 1466077990),
(74, 1949170730, 44.5111457, 11.342689, '32TPQ8620431317', '"TNCAPEB6F9A"', 'a4:b1:e9:eb:6f:9a', -56, 1466078047),
(75, 1949170730, 44.5111426, 11.3427396, '32TPQ8620831316', '"TNCAPEB6F9A"', 'a4:b1:e9:eb:6f:9a', -58, 1466078074),
(76, 1949170730, 44.5112247, 11.3427989, '32TPQ8621231326', '"TNCAPEB6F9A"', 'a4:b1:e9:eb:6f:9a', -54, 1466078225),
(77, 1949170730, 44.5112247, 11.3427989, '32TPQ8621231326', '"TNCAPEB6F9A"', 'a4:b1:e9:eb:6f:9a', -62, 1466078260),
(78, 1949170730, 44.5112247, 11.3427989, '32TPQ8621231326', '"TNCAPEB6F9A"', 'a4:b1:e9:eb:6f:9a', -60, 1466078301),
(79, 1949170730, 44.5112247, 11.3427989, '32TPQ8621231326', '"TNCAPEB6F9A"', 'a4:b1:e9:eb:6f:9a', -59, 1466078351),
(80, 1949170730, 44.5111764, 11.3427034, '32TPQ8620531320', '"TNCAPEB6F9A"', 'a4:b1:e9:eb:6f:9a', -52, 1466081470),
(81, 1949170730, 44.5110657, 11.3427648, '32TPQ8621031308', '"TNCAPEB6F9A"', 'a4:b1:e9:eb:6f:9a', -52, 1466081621),
(85, 1949170730, 44.5112355, 11.3429, '32TPQ8622031327', '"TNCAPEB6F9A"', 'a4:b1:e9:eb:6f:9a', -49, 1466083911),
(86, 1949170730, 44.5112355, 11.3429, '32TPQ8622031327', '"TNCAPEB6F9A"', 'a4:b1:e9:eb:6f:9a', -50, 1466083913),
(87, 1949170730, 44.510553, 11.3486267, '32TPQ8667831264', '"FollowTheWhiteRabbit"', '30:91:8f:7f:40:6b', -60, 1466098891),
(90, 1974671864, 44.508802, 11.3493147, '32TPQ8673831071', '"FollowTheWhiteRabbit"', '30:91:8f:7f:40:6b', -64, 1466184840),
(92, 1949170730, 44.5106316, 11.3490891, '32TPQ8671431274', '"FollowTheWhiteRabbit"', '30:91:8f:7f:40:6b', -58, 1466185066),
(93, 1974671864, 44.5106248, 11.3490343, '32TPQ8671031273', '"FollowTheWhiteRabbit"', '30:91:8f:7f:40:6b', -68, 1466185083),
(94, 1949170730, 44.5106316, 11.3490891, '32TPQ8671431274', '"FollowTheWhiteRabbit"', '30:91:8f:7f:40:6b', -63, 1466185202),
(95, 1949170730, 44.5106198, 11.3491262, '32TPQ8671731273', '"FollowTheWhiteRabbit"', '30:91:8f:7f:40:6b', -62, 1466188614),
(96, 1949170730, 44.5105266, 11.3486497, '32TPQ8668031262', '"FollowTheWhiteRabbit"', '30:91:8f:7f:40:6b', -58, 1466188644),
(97, 1949170730, 44.5105266, 11.3486497, '32TPQ8668031262', '"FollowTheWhiteRabbit"', '30:91:8f:7f:40:6b', -72, 1466188803);

-- --------------------------------------------------------

--
-- Table structure for table `rules`
--

CREATE TABLE IF NOT EXISTS `rules` (
  `id` int(11) NOT NULL AUTO_INCREMENT,
  `type` int(11) NOT NULL,
  `name` text,
  `mgrs_area` text NOT NULL,
  `granularity` int(11) NOT NULL COMMENT 'filter mgrs',
  `expire_count` int(11) NOT NULL,
  `expire_time` bigint(20) NOT NULL,
  `sample_time` int(11) NOT NULL COMMENT 'seconds',
  `timestamp` bigint(20) NOT NULL COMMENT 'submission date',
  PRIMARY KEY (`id`)
) ENGINE=InnoDB  DEFAULT CHARSET=latin1 AUTO_INCREMENT=25 ;

--
-- Dumping data for table `rules`
--

INSERT INTO `rules` (`id`, `type`, `name`, `mgrs_area`, `granularity`, `expire_count`, `expire_time`, `sample_time`, `timestamp`) VALUES
(1, 5, 'Default Light', '32TPQ8628029570', 1, 999999999, 999999999999999999, 3600, 1465913543),
(2, 5, 'Default Light', '32TPQ8608030650', 1, 999999999, 999999999999999999, 3600, 1465913543),
(3, 6, 'Default Pressure', '32TPQ8628029570', 2, 999999999, 999999999999999999, 7200, 1465913543),
(4, 6, 'Default Pressure', '32TPQ8608030650', 2, 999999999, 999999999999999999, 7200, 1465913543),
(5, 12, 'Default Humidity', '32TPQ8628029570', 3, 999999999, 999999999999999999, 1800, 1465913543),
(6, 12, 'Default Humidity', '32TPQ8608030650', 3, 999999999, 999999999999999999, 1800, 1465913543),
(7, 13, 'Default Temperature', '32TPQ8628029570', 3, 999999999, 999999999999999999, 3600, 1465913543),
(8, 13, 'Default Temperature', '32TPQ8608030650', 3, 999999999, 999999999999999999, 3600, 1465913543),
(9, 100, 'Default Audio', '32TPQ8628029570', 4, 999999999, 999999999999999999, 1800, 1465913543),
(10, 100, 'Default Audio', '32TPQ8608030650', 4, 999999999, 999999999999999999, 1800, 1465913543),
(11, 101, 'Default WiFi', '32TPQ8628029570', 5, 999999999, 999999999999999999, 3600, 1465913543),
(12, 101, 'Default WiFi', '32TPQ8608030650', 5, 999999999, 999999999999999999, 3600, 1465913543),
(13, 102, 'Default Tel', '32TPQ8628029570', 4, 999999999, 999999999999999999, 7200, 1465913543),
(14, 102, 'Default Tel', '32TPQ8608030650', 4, 999999999, 999999999999999999, 7200, 1465913543),
(15, 102, 'Default Tel', '32TPQ8666031210', 2, 999999999, 999999999999999999, 7200, 1465913543),
(16, 100, 'Default Audio', '32TPQ8666031210', 3, 999999999, 999999999999999999, 1800, 1465913543),
(17, 5, 'Default Light', '32TPQ8608030650', 1, 999999999, 999999999999999999, 1800, 1465913543),
(18, 5, 'Default Light', '32TPQ8608030650', 0, 999999999, 999999999999999999, 3600, 1465913543),
(19, 5, 'Default Light', '32TPQ8671431272', 3, 999999999, 999999999999999999, 3600, 1465913543),
(20, 102, 'Default Tel', '32TPQ8666031210', 2, 999999999, 999999999999999999, 3600, 1465913543),
(21, 5, 'Default Light', '32TPQ8621231334', 1, 999999999, 999999999999999999, 3600, 1465913543),
(22, 6, 'Default Pressure', '32TPQ8621231334', 2, 999999999, 999999999999999999, 7200, 1465913543),
(23, 102, 'Default Tel', '32TPQ8621231334', 2, 999999999, 999999999999999999, 3600, 1465913543),
(24, 101, 'Default WiFi', '32TPQ8621231326', 5, 999999999, 999999999999999999, 3600, 1465913543);

-- --------------------------------------------------------

--
-- Table structure for table `sensors`
--

CREATE TABLE IF NOT EXISTS `sensors` (
  `type` int(11) NOT NULL,
  `name` text NOT NULL,
  `mgrs_filter` int(11) NOT NULL,
  `units` text NOT NULL,
  PRIMARY KEY (`type`)
) ENGINE=InnoDB DEFAULT CHARSET=latin1;

--
-- Dumping data for table `sensors`
--

INSERT INTO `sensors` (`type`, `name`, `mgrs_filter`, `units`) VALUES
(5, 'Light', 4, 'lux'),
(6, 'Pressure', 2, 'hPa'),
(12, 'Humidity', 3, '%'),
(13, 'Temperature', 3, 'C'),
(100, 'Audio Amplitude', 4, ''),
(101, 'WiFi', 5, 'dB'),
(102, 'Tel', 4, 'dB');

/*!40101 SET CHARACTER_SET_CLIENT=@OLD_CHARACTER_SET_CLIENT */;
/*!40101 SET CHARACTER_SET_RESULTS=@OLD_CHARACTER_SET_RESULTS */;
/*!40101 SET COLLATION_CONNECTION=@OLD_COLLATION_CONNECTION */;
