-- phpMyAdmin SQL Dump
-- version 3.4.11.1deb2+deb7u4
-- http://www.phpmyadmin.net
--
-- Host: localhost
-- Generation Time: Jul 04, 2016 at 12:27 PM
-- Server version: 5.5.49
-- PHP Version: 5.4.45-0+deb7u4

SET SQL_MODE="NO_AUTO_VALUE_ON_ZERO";
SET time_zone = "+00:00";


/*!40101 SET @OLD_CHARACTER_SET_CLIENT=@@CHARACTER_SET_CLIENT */;
/*!40101 SET @OLD_CHARACTER_SET_RESULTS=@@CHARACTER_SET_RESULTS */;
/*!40101 SET @OLD_COLLATION_CONNECTION=@@COLLATION_CONNECTION */;
/*!40101 SET NAMES utf8 */;

--
-- Database: `my1605`
--

-- --------------------------------------------------------

--
-- Table structure for table `all_sensor_data`
--

CREATE TABLE IF NOT EXISTS `all_sensor_data` (
  `id` int(11) NOT NULL AUTO_INCREMENT,
  `user` int(11) NOT NULL,
  `type` int(11) NOT NULL,
  `latitude` double NOT NULL,
  `longitude` double NOT NULL,
  `mgrs` text NOT NULL,
  `value` float NOT NULL,
  `timestamp` bigint(20) NOT NULL,
  PRIMARY KEY (`id`)
) ENGINE=InnoDB  DEFAULT CHARSET=latin1 AUTO_INCREMENT=1459 ;

--
-- Dumping data for table `all_sensor_data`
--

INSERT INTO `all_sensor_data` (`id`, `user`, `type`, `latitude`, `longitude`, `mgrs`, `value`, `timestamp`) VALUES
(182, 1949170730, 100, 44.5106093, 11.3490281, '32TPQ8671031272', 323, 1465917667),
(183, 1949170730, 5, 44.5106093, 11.3490281, '32TPQ8671031272', 8, 1465917667),
(184, 1949170730, 13, 44.5106093, 11.3490281, '32TPQ8671031272', 41.1037, 1465917667),
(185, 1949170730, 12, 44.5106093, 11.3490281, '32TPQ8671031272', 37.4914, 1465917668),
(186, 1949170730, 6, 44.5106093, 11.3490281, '32TPQ8671031272', 1005.38, 1465917668),
(187, 1949170730, 100, 44.5106093, 11.3490281, '32TPQ8671031272', 296, 1465917771),
(188, 1949170730, 12, 44.5106093, 11.3490281, '32TPQ8671031272', 75.102, 1465917773),
(189, 1949170730, 13, 44.5106093, 11.3490281, '32TPQ8671031272', 27.5507, 1465917773),
(190, 1949170730, 5, 44.5106093, 11.3490281, '32TPQ8671031272', 6, 1465917774),
(191, 1949170730, 6, 44.5106093, 11.3490281, '32TPQ8671031272', 911.437, 1465917774),
(192, 1949170730, 100, 44.5106093, 11.3490281, '32TPQ8671031272', 294, 1465917819),
(193, 1949170730, 5, 44.5106093, 11.3490281, '32TPQ8671031272', 8, 1465917819),
(194, 1949170730, 13, 44.5106093, 11.3490281, '32TPQ8671031272', 33.5586, 1465917819),
(195, 1949170730, 12, 44.5106093, 11.3490281, '32TPQ8671031272', 33.6376, 1465917819),
(196, 1949170730, 6, 44.5106093, 11.3490281, '32TPQ8671031272', 952.935, 1465917819),
(197, 1949170730, 100, 44.5106093, 11.3490281, '32TPQ8671031272', 342, 1465917847),
(198, 1949170730, 5, 44.5106093, 11.3490281, '32TPQ8671031272', 8, 1465917847),
(199, 1949170730, 12, 44.5106093, 11.3490281, '32TPQ8671031272', 38.3953, 1465917847),
(200, 1949170730, 13, 44.5106093, 11.3490281, '32TPQ8671031272', 33.5586, 1465917847),
(201, 1949170730, 6, 44.5106093, 11.3490281, '32TPQ8671031272', 883.266, 1465917847),
(202, 1949170730, 100, 44.5106093, 11.3490281, '32TPQ8671031272', 405, 1465917923),
(203, 1949170730, 5, 44.5106093, 11.3490281, '32TPQ8671031272', 11, 1465917923),
(204, 1949170730, 13, 44.5106093, 11.3490281, '32TPQ8671031272', 31.4859, 1465917923),
(205, 1949170730, 12, 44.5106093, 11.3490281, '32TPQ8671031272', 85.4393, 1465917923),
(206, 1949170730, 6, 44.5106093, 11.3490281, '32TPQ8671031272', 918.739, 1465917923),
(207, 1949170730, 100, 44.5106093, 11.3490281, '32TPQ8671031272', 116, 1465917982),
(208, 1949170730, 5, 44.5106093, 11.3490281, '32TPQ8671031272', 8, 1465917982),
(209, 1949170730, 13, 44.5106093, 11.3490281, '32TPQ8671031272', 40.6634, 1465917982),
(210, 1949170730, 12, 44.5106093, 11.3490281, '32TPQ8671031272', 33.1375, 1465917982),
(211, 1949170730, 6, 44.5106093, 11.3490281, '32TPQ8671031272', 1009.76, 1465917982),
(212, 1949170730, 100, 44.5114388, 11.346307, '32TPQ8649131357', 320, 1465918434),
(213, 1949170730, 5, 44.5114388, 11.346307, '32TPQ8649131357', 0, 1465918434),
(214, 1949170730, 13, 44.5114388, 11.346307, '32TPQ8649131357', -9.48725, 1465918435),
(215, 1949170730, 12, 44.5114388, 11.346307, '32TPQ8649131357', 87.79, 1465918435),
(216, 1949170730, 6, 44.5114388, 11.346307, '32TPQ8649131357', 954.894, 1465918435),
(217, 1949170730, 100, 44.510622, 11.3490248, '32TPQ8670931273', 424, 1465918459),
(218, 1949170730, 5, 44.510622, 11.3490248, '32TPQ8670931273', 4, 1465918459),
(219, 1949170730, 13, 44.510622, 11.3490248, '32TPQ8670931273', -9.48725, 1465918459),
(220, 1949170730, 12, 44.510622, 11.3490248, '32TPQ8670931273', 74.4503, 1465918459),
(221, 1949170730, 6, 44.510622, 11.3490248, '32TPQ8670931273', 898.514, 1465918459),
(222, 1949170730, 100, 44.510622, 11.3490248, '32TPQ8670931273', 423, 1465918484),
(223, 1949170730, 5, 44.510622, 11.3490248, '32TPQ8670931273', 6, 1465918485),
(224, 1949170730, 13, 44.510622, 11.3490248, '32TPQ8670931273', 38.2206, 1465918485),
(225, 1949170730, 12, 44.510622, 11.3490248, '32TPQ8670931273', 74.4503, 1465918485),
(226, 1949170730, 6, 44.510622, 11.3490248, '32TPQ8670931273', 1009.13, 1465918485),
(227, 1949170730, 100, 44.510622, 11.3490248, '32TPQ8670931273', 423, 1465918490),
(228, 1949170730, 5, 44.510622, 11.3490248, '32TPQ8670931273', 4, 1465918490),
(229, 1949170730, 13, 44.510622, 11.3490248, '32TPQ8670931273', 38.2206, 1465918490),
(230, 1949170730, 12, 44.510622, 11.3490248, '32TPQ8670931273', 31.7847, 1465918490),
(231, 1949170730, 6, 44.510622, 11.3490248, '32TPQ8670931273', 1009.13, 1465918490),
(232, 1949170730, 100, 44.510622, 11.3490248, '32TPQ8670931273', 749, 1465918514),
(233, 1949170730, 5, 44.510622, 11.3490248, '32TPQ8670931273', 4, 1465918514),
(234, 1949170730, 13, 44.510622, 11.3490248, '32TPQ8670931273', 12.5536, 1465918514),
(235, 1949170730, 12, 44.510622, 11.3490248, '32TPQ8670931273', 31.7847, 1465918514),
(236, 1949170730, 6, 44.510622, 11.3490248, '32TPQ8670931273', 1009.13, 1465918514),
(237, 1949170730, 100, 44.510622, 11.3490248, '32TPQ8670931273', 749, 1465918517),
(238, 1949170730, 5, 44.510622, 11.3490248, '32TPQ8670931273', 4, 1465918517),
(239, 1949170730, 13, 44.510622, 11.3490248, '32TPQ8670931273', 12.5536, 1465918518),
(240, 1949170730, 12, 44.510622, 11.3490248, '32TPQ8670931273', 45.0954, 1465918518),
(241, 1949170730, 6, 44.510622, 11.3490248, '32TPQ8670931273', 1009.13, 1465918518),
(242, 1949170730, 100, 44.510622, 11.3490248, '32TPQ8670931273', 749, 1465918521),
(243, 1949170730, 5, 44.510622, 11.3490248, '32TPQ8670931273', 4, 1465918521),
(244, 1949170730, 13, 44.510622, 11.3490248, '32TPQ8670931273', 12.5536, 1465918521),
(245, 1949170730, 12, 44.510622, 11.3490248, '32TPQ8670931273', 45.0954, 1465918521),
(246, 1949170730, 6, 44.510622, 11.3490248, '32TPQ8670931273', 1009.13, 1465918521),
(247, 1949170730, 100, 44.510622, 11.3490248, '32TPQ8670931273', 749, 1465918524),
(248, 1949170730, 5, 44.510622, 11.3490248, '32TPQ8670931273', 4, 1465918524),
(249, 1949170730, 13, 44.510622, 11.3490248, '32TPQ8670931273', 12.5536, 1465918524),
(250, 1949170730, 12, 44.510622, 11.3490248, '32TPQ8670931273', 45.0954, 1465918524),
(251, 1949170730, 6, 44.510622, 11.3490248, '32TPQ8670931273', 1009.13, 1465918524),
(252, 1949170730, 6, 44.5111581, 11.3461944, '32TPQ8648331326', 913.155, 1465919076),
(253, 1949170730, 13, 44.5111581, 11.3461944, '32TPQ8648331326', 36.6755, 1465919079),
(254, 1949170730, 5, 44.5111581, 11.3461944, '32TPQ8648331326', 6, 1465919080),
(255, 1949170730, 100, 44.5111581, 11.3461944, '32TPQ8648331326', 146, 1465919084),
(256, 1949170730, 12, 44.5111581, 11.3461944, '32TPQ8648331326', 46.9698, 1465919114),
(257, 1949170730, 6, 44.5111581, 11.3461944, '32TPQ8648331326', 1007.14, 1465919126),
(258, 1949170730, 5, 44.5111581, 11.3461944, '32TPQ8648331326', 6, 1465919144),
(259, 1949170730, 100, 44.5111581, 11.3461944, '32TPQ8648331326', 203, 1465919159),
(260, 1949170730, 13, 44.5111581, 11.3461944, '32TPQ8648331326', -7.41984, 1465919171),
(261, 1949170730, 5, 44.5111581, 11.3461944, '32TPQ8648331326', 8, 1465919195),
(262, 1949170730, 6, 44.5111581, 11.3461944, '32TPQ8648331326', 1083, 1465919197),
(263, 1949170730, 12, 44.5111581, 11.3461944, '32TPQ8648331326', 33.5249, 1465919207),
(264, 1949170730, 100, 44.5111581, 11.3461944, '32TPQ8648331326', 342, 1465919226),
(265, 1949170730, 13, 44.5105942, 11.3490625, '32TPQ8671231270', -10.8816, 1465919237),
(266, 1949170730, 5, 44.5105942, 11.3490625, '32TPQ8671231270', 4, 1465919285),
(267, 1949170730, 12, 44.5105942, 11.3490625, '32TPQ8671231270', 35.5361, 1465919286),
(268, 1949170730, 100, 44.5105942, 11.3490625, '32TPQ8671231270', 163, 1465919293),
(269, 1949170730, 6, 44.5105942, 11.3490625, '32TPQ8671231270', 994.91, 1465919295),
(270, 1949170730, 13, 44.5105942, 11.3490625, '32TPQ8671231270', 24.4373, 1465919306),
(271, 1949170730, 5, 44.5105942, 11.3490625, '32TPQ8671231270', 11, 1465919344),
(272, 1949170730, 100, 44.5105942, 11.3490625, '32TPQ8671231270', 126, 1465919348),
(273, 1949170730, 12, 44.5105942, 11.3490625, '32TPQ8671231270', 70.1713, 1465919363),
(274, 1949170730, 6, 44.5105942, 11.3490625, '32TPQ8671231270', 979.727, 1465919364),
(275, 1949170730, 13, 44.5105942, 11.3490625, '32TPQ8671231270', 5.96027, 1465919367),
(276, 1949170730, 100, 44.5105942, 11.3490625, '32TPQ8671231270', 525, 1465919426),
(277, 1949170730, 13, 44.5105942, 11.3490625, '32TPQ8671231270', -9.03697, 1465919430),
(278, 1949170730, 12, 44.5105942, 11.3490625, '32TPQ8671231270', 70.5962, 1465919431),
(279, 1949170730, 6, 44.5105942, 11.3490625, '32TPQ8671231270', 1001.31, 1465919435),
(280, 1949170730, 100, 44.5106107, 11.3491061, '32TPQ8671631272', 245, 1465920126),
(281, 1949170730, 5, 44.5106107, 11.3491061, '32TPQ8671631272', 6, 1465920126),
(282, 1949170730, 13, 44.5106107, 11.3491061, '32TPQ8671631272', -4.90996, 1465920126),
(283, 1949170730, 12, 44.5106107, 11.3491061, '32TPQ8671631272', 71.4617, 1465920127),
(284, 1949170730, 6, 44.5106107, 11.3491061, '32TPQ8671631272', 949.024, 1465920127),
(285, 1949170730, 100, 44.5106107, 11.3491061, '32TPQ8671631272', 245, 1465920144),
(286, 1949170730, 5, 44.5106107, 11.3491061, '32TPQ8671631272', 4, 1465920144),
(287, 1949170730, 13, 44.5106107, 11.3491061, '32TPQ8671631272', -4.90996, 1465920144),
(288, 1949170730, 12, 44.5106107, 11.3491061, '32TPQ8671631272', 71.4617, 1465920144),
(289, 1949170730, 6, 44.5106107, 11.3491061, '32TPQ8671631272', 949.024, 1465920144),
(290, 1949170730, 6, 44.5096438, 11.3496526, '32TPQ8676231166', 942.185, 1465920706),
(291, 1949170730, 100, 44.5096438, 11.3496526, '32TPQ8676231166', 288, 1465920706),
(292, 1949170730, 5, 44.5096438, 11.3496526, '32TPQ8676231166', 6, 1465920706),
(293, 1949170730, 13, 44.5096438, 11.3496526, '32TPQ8676231166', 4.52632, 1465920706),
(294, 1949170730, 12, 44.5096438, 11.3496526, '32TPQ8676231166', 57.8919, 1465920706),
(295, 1949170730, 6, 44.5096438, 11.3496526, '32TPQ8676231166', 942.185, 1465920706),
(296, 1949170730, 12, 44.5096438, 11.3496526, '32TPQ8676231166', 69.9437, 1465920708),
(297, 1949170730, 5, 44.5096438, 11.3496526, '32TPQ8676231166', 6, 1465920712),
(298, 1949170730, 100, 44.5106354, 11.349085, '32TPQ8671431275', 288, 1465920716),
(299, 1949170730, 13, 44.5106354, 11.349085, '32TPQ8671431275', 4.52632, 1465920719),
(300, 1949170730, 5, 44.5106354, 11.349085, '32TPQ8671431275', 6, 1465920720),
(301, 1949170730, 100, 44.5106354, 11.349085, '32TPQ8671431275', 151, 1465920734),
(302, 1949170730, 5, 44.5106354, 11.349085, '32TPQ8671431275', 6, 1465920734),
(303, 1949170730, 12, 44.5106354, 11.349085, '32TPQ8671431275', 57.8919, 1465920734),
(304, 1949170730, 6, 44.5106354, 11.349085, '32TPQ8671431275', 874.391, 1465920734),
(305, 1949170730, 13, 44.5106354, 11.349085, '32TPQ8671431275', 4.52632, 1465920734),
(306, 1949170730, 13, 44.5106218, 11.3491365, '32TPQ8671831273', 21.0818, 1465920809),
(307, 1949170730, 5, 44.5106218, 11.3491365, '32TPQ8671831273', 4, 1465920809),
(308, 1949170730, 6, 44.5106218, 11.3491365, '32TPQ8671831273', 989.535, 1465920812),
(309, 1949170730, 100, 44.5106218, 11.3491365, '32TPQ8671831273', 374, 1465920819),
(310, 1949170730, 12, 44.5106218, 11.3491365, '32TPQ8671831273', 62.4412, 1465920820),
(311, 1949170730, 100, 44.5096438, 11.3496526, '32TPQ8676231166', 422, 1465921066),
(312, 1949170730, 5, 44.5096438, 11.3496526, '32TPQ8676231166', 13, 1465921066),
(313, 1949170730, 13, 44.5096438, 11.3496526, '32TPQ8676231166', -7.83855, 1465921066),
(314, 1949170730, 12, 44.5096438, 11.3496526, '32TPQ8676231166', 85.8361, 1465921066),
(315, 1949170730, 6, 44.5096438, 11.3496526, '32TPQ8676231166', 1049.3, 1465921066),
(316, 1949170730, 13, 44.5106211, 11.3491099, '32TPQ8671631273', -2.67506, 1465921084),
(317, 1949170730, 5, 44.5106211, 11.3491099, '32TPQ8671631273', 6, 1465921085),
(318, 1949170730, 12, 44.5106211, 11.3491099, '32TPQ8671631273', 91.7564, 1465921085),
(319, 1949170730, 100, 44.5106211, 11.3491099, '32TPQ8671631273', 353, 1465921097),
(320, 1949170730, 5, 44.5106211, 11.3491099, '32TPQ8671631273', 6, 1465921097),
(321, 1949170730, 13, 44.5106211, 11.3491099, '32TPQ8671631273', -2.67506, 1465921097),
(322, 1949170730, 12, 44.5106211, 11.3491099, '32TPQ8671631273', 91.7564, 1465921097),
(323, 1949170730, 6, 44.5106211, 11.3491099, '32TPQ8671631273', 1067.27, 1465921097),
(324, 1949170730, 100, 44.5106335, 11.349106, '32TPQ8671631274', 92, 1465921167),
(325, 1949170730, 5, 44.5106335, 11.349106, '32TPQ8671631274', 6, 1465921167),
(326, 1949170730, 13, 44.5106335, 11.349106, '32TPQ8671631274', 1.41716, 1465921167),
(327, 1949170730, 12, 44.5106335, 11.349106, '32TPQ8671631274', 40.0217, 1465921167),
(328, 1949170730, 6, 44.5106335, 11.349106, '32TPQ8671631274', 937.874, 1465921167),
(329, 1949170730, 100, 44.5106335, 11.349106, '32TPQ8671631274', 92, 1465921171),
(330, 1949170730, 100, 44.5106783, 11.3491233, '32TPQ8671731279', 403, 1465921451),
(331, 1949170730, 5, 44.5106783, 11.3491233, '32TPQ8671731279', 6, 1465921451),
(332, 1949170730, 13, 44.5106783, 11.3491233, '32TPQ8671731279', -13.619, 1465921451),
(333, 1949170730, 12, 44.5106783, 11.3491233, '32TPQ8671731279', 77.4542, 1465921451),
(334, 1949170730, 6, 44.5106783, 11.3491233, '32TPQ8671731279', 981.787, 1465921451),
(335, 1949170730, 5, 44.5106783, 11.3491233, '32TPQ8671731279', 4, 1465921460),
(336, 1949170730, 13, 44.5106783, 11.3491233, '32TPQ8671731279', -13.619, 1465921460),
(337, 1949170730, 12, 44.5106783, 11.3491233, '32TPQ8671731279', 77.4542, 1465921461),
(338, 1949170730, 100, 44.5111581, 11.3461944, '32TPQ8648331326', 284, 1465922178),
(339, 1949170730, 5, 44.5111581, 11.3461944, '32TPQ8648331326', 11, 1465922178),
(340, 1949170730, 13, 44.5111581, 11.3461944, '32TPQ8648331326', 20.6038, 1465922178),
(341, 1949170730, 12, 44.5111581, 11.3461944, '32TPQ8648331326', 41.8408, 1465922178),
(342, 1949170730, 6, 44.5111581, 11.3461944, '32TPQ8648331326', 946.033, 1465922178),
(343, 1949170730, 100, 44.5111581, 11.3461944, '32TPQ8648331326', 284, 1465922181),
(344, 1949170730, 100, 44.5106081, 11.3490814, '32TPQ8671431272', 239, 1465922245),
(345, 1949170730, 5, 44.5106081, 11.3490814, '32TPQ8671431272', 8, 1465922245),
(346, 1949170730, 13, 44.5106081, 11.3490814, '32TPQ8671431272', -13.9188, 1465922245),
(347, 1949170730, 12, 44.5106081, 11.3490814, '32TPQ8671431272', 63.4135, 1465922245),
(348, 1949170730, 6, 44.5106081, 11.3490814, '32TPQ8671431272', 1041.76, 1465922245),
(349, 1949170730, 12, 44.5106081, 11.3490814, '32TPQ8671431272', 63.4135, 1465922248),
(350, 1949170730, 100, 44.5106278, 11.3490939, '32TPQ8671531274', 649, 1465922306),
(351, 1949170730, 5, 44.5106278, 11.3490939, '32TPQ8671531274', 8, 1465922306),
(352, 1949170730, 13, 44.5106278, 11.3490939, '32TPQ8671531274', 35.8521, 1465922306),
(353, 1949170730, 12, 44.5106278, 11.3490939, '32TPQ8671531274', 86.8069, 1465922306),
(354, 1949170730, 6, 44.5106278, 11.3490939, '32TPQ8671531274', 975.674, 1465922306),
(355, 1949170730, 100, 44.5106278, 11.3490939, '32TPQ8671531274', 236, 1465922358),
(356, 1949170730, 5, 44.5106278, 11.3490939, '32TPQ8671531274', 8, 1465922359),
(357, 1949170730, 13, 44.5106278, 11.3490939, '32TPQ8671531274', 16.8204, 1465922359),
(358, 1949170730, 12, 44.5106278, 11.3490939, '32TPQ8671531274', 78.6783, 1465922359),
(359, 1949170730, 6, 44.5106278, 11.3490939, '32TPQ8671531274', 946.305, 1465922359),
(360, 1949170730, 100, 44.5104348, 11.3487078, '32TPQ8668531251', 236, 1465922370),
(361, 1949170730, 5, 44.5104348, 11.3487078, '32TPQ8668531251', 8, 1465922370),
(362, 1949170730, 13, 44.5104348, 11.3487078, '32TPQ8668531251', 16.8204, 1465922370),
(363, 1949170730, 12, 44.5104348, 11.3487078, '32TPQ8668531251', 78.6783, 1465922370),
(364, 1949170730, 6, 44.5104348, 11.3487078, '32TPQ8668531251', 946.305, 1465922370),
(365, 1949170730, 5, 44.5104348, 11.3487078, '32TPQ8668531251', 6, 1465922383),
(366, 1949170730, 13, 44.5106126, 11.349126, '32TPQ8671731272', 17.1485, 1465922436),
(367, 1949170730, 6, 44.5106126, 11.349126, '32TPQ8671731272', 877.792, 1465922436),
(369, 1949170730, 5, 44.5106344, 11.3491094, '32TPQ8671631275', 8, 1465922661),
(370, 1949170730, 13, 44.5106344, 11.3491094, '32TPQ8671631275', 6.12348, 1465922661),
(371, 1949170730, 12, 44.5106344, 11.3491094, '32TPQ8671631275', 60.0024, 1465922661),
(372, 1949170730, 6, 44.5106344, 11.3491094, '32TPQ8671631275', 927.899, 1465922661),
(373, 1949170730, 100, 44.5106344, 11.3491094, '32TPQ8671631275', 190, 1465922710),
(374, 1949170730, 5, 44.5106344, 11.3491094, '32TPQ8671631275', 8, 1465922711),
(375, 1949170730, 13, 44.5106344, 11.3491094, '32TPQ8671631275', 32.0669, 1465922711),
(376, 1949170730, 12, 44.5106344, 11.3491094, '32TPQ8671631275', 83.3149, 1465922711),
(377, 1949170730, 6, 44.5106344, 11.3491094, '32TPQ8671631275', 927.899, 1465922711),
(378, 1949170730, 100, 44.5106344, 11.3491094, '32TPQ8671631275', 348, 1465922754),
(379, 1949170730, 5, 44.5106344, 11.3491094, '32TPQ8671631275', 6, 1465922754),
(380, 1949170730, 13, 44.5106344, 11.3491094, '32TPQ8671631275', 30.5713, 1465922754),
(381, 1949170730, 12, 44.5106344, 11.3491094, '32TPQ8671631275', 37.458, 1465922754),
(382, 1949170730, 6, 44.5106344, 11.3491094, '32TPQ8671631275', 1011.93, 1465922754),
(383, 1949170730, 100, 44.5106344, 11.3491094, '32TPQ8671631275', 251, 1465922787),
(384, 1949170730, 5, 44.5106344, 11.3491094, '32TPQ8671631275', 8, 1465922787),
(385, 1949170730, 13, 44.5106344, 11.3491094, '32TPQ8671631275', 4.48971, 1465922787),
(386, 1949170730, 12, 44.5106344, 11.3491094, '32TPQ8671631275', 77.44, 1465922787),
(387, 1949170730, 6, 44.5106344, 11.3491094, '32TPQ8671631275', 989.779, 1465922787),
(388, 1949170730, 100, 44.5106344, 11.3491094, '32TPQ8671631275', 403, 1465922847),
(389, 1949170730, 5, 44.5106344, 11.3491094, '32TPQ8671631275', 4, 1465922847),
(390, 1949170730, 13, 44.5106344, 11.3491094, '32TPQ8671631275', 20.103, 1465922847),
(391, 1949170730, 12, 44.5106344, 11.3491094, '32TPQ8671631275', 76.1783, 1465922847),
(392, 1949170730, 6, 44.5106344, 11.3491094, '32TPQ8671631275', 909.175, 1465922847),
(393, 1949170730, 100, 44.5106344, 11.3491094, '32TPQ8671631275', 644, 1465922904),
(394, 1949170730, 5, 44.5106344, 11.3491094, '32TPQ8671631275', 4, 1465922904),
(395, 1949170730, 13, 44.5106344, 11.3491094, '32TPQ8671631275', -9.67042, 1465922904),
(396, 1949170730, 12, 44.5106344, 11.3491094, '32TPQ8671631275', 92.5932, 1465922904),
(397, 1949170730, 6, 44.5106344, 11.3491094, '32TPQ8671631275', 1001.31, 1465922904),
(398, 1949170730, 100, 44.5106076, 11.3490875, '32TPQ8671431272', 330, 1465922998),
(399, 1949170730, 5, 44.5106076, 11.3490875, '32TPQ8671431272', 6, 1465922998),
(400, 1949170730, 13, 44.5106076, 11.3490875, '32TPQ8671431272', -9.7875, 1465922998),
(401, 1949170730, 12, 44.5106076, 11.3490875, '32TPQ8671431272', 47.6121, 1465922998),
(402, 1949170730, 6, 44.5106076, 11.3490875, '32TPQ8671431272', 973.671, 1465922998),
(403, 1949170730, 100, 44.5106176, 11.3491039, '32TPQ8671631273', 303, 1465923037),
(404, 1949170730, 5, 44.5106176, 11.3491039, '32TPQ8671631273', 6, 1465923037),
(405, 1949170730, 13, 44.5106176, 11.3491039, '32TPQ8671631273', 27.6593, 1465923037),
(406, 1949170730, 12, 44.5106176, 11.3491039, '32TPQ8671631273', 47.9356, 1465923037),
(407, 1949170730, 6, 44.5106176, 11.3491039, '32TPQ8671631273', 902.072, 1465923037),
(408, 1949170730, 100, 44.5106176, 11.3491039, '32TPQ8671631273', 320, 1465923167),
(409, 1949170730, 5, 44.5106176, 11.3491039, '32TPQ8671631273', 0, 1465923168),
(410, 1949170730, 13, 44.5106176, 11.3491039, '32TPQ8671631273', 8.18558, 1465923168),
(411, 1949170730, 12, 44.5106176, 11.3491039, '32TPQ8671631273', 32.5885, 1465923168),
(412, 1949170730, 6, 44.5106176, 11.3491039, '32TPQ8671631273', 898.335, 1465923168),
(413, 1949170730, 100, 44.5113022, 11.3427968, '32TPQ8621231334', 248, 1466074377),
(414, 1949170730, 5, 44.5113022, 11.3427968, '32TPQ8621231334', 47, 1466074377),
(415, 1949170730, 13, 44.5113022, 11.3427968, '32TPQ8621231334', 12.1439, 1466074377),
(416, 1949170730, 12, 44.5113022, 11.3427968, '32TPQ8621231334', 84.8218, 1466074377),
(417, 1949170730, 6, 44.5113022, 11.3427968, '32TPQ8621231334', 876.734, 1466074377),
(418, 1949170730, 100, 44.5113022, 11.3427968, '32TPQ8621231334', 172, 1466074637),
(419, 1949170730, 13, 44.5113022, 11.3427968, '32TPQ8621231334', -11.4946, 1466074637),
(420, 1949170730, 5, 44.5113022, 11.3427968, '32TPQ8621231334', 33, 1466074637),
(421, 1949170730, 12, 44.5113022, 11.3427968, '32TPQ8621231334', 93.5752, 1466074637),
(422, 1949170730, 6, 44.5113022, 11.3427968, '32TPQ8621231334', 967.657, 1466074637),
(423, 1949170730, 100, 44.5113022, 11.3427968, '32TPQ8621231334', 109, 1466074818),
(424, 1949170730, 5, 44.5113022, 11.3427968, '32TPQ8621231334', 41, 1466074818),
(425, 1949170730, 13, 44.5113022, 11.3427968, '32TPQ8621231334', 23.6276, 1466074818),
(426, 1949170730, 12, 44.5113022, 11.3427968, '32TPQ8621231334', 43.8461, 1466074818),
(427, 1949170730, 6, 44.5113022, 11.3427968, '32TPQ8621231334', 1055.94, 1466074818),
(428, 1949170730, 100, 44.5113022, 11.3427968, '32TPQ8621231334', 109, 1466074829),
(429, 1949170730, 5, 44.5113022, 11.3427968, '32TPQ8621231334', 39, 1466074829),
(430, 1949170730, 13, 44.5113022, 11.3427968, '32TPQ8621231334', 23.6276, 1466074829),
(431, 1949170730, 12, 44.5113022, 11.3427968, '32TPQ8621231334', 43.8461, 1466074829),
(432, 1949170730, 6, 44.5113022, 11.3427968, '32TPQ8621231334', 1074.14, 1466074829),
(433, 1949170730, 100, 44.5113022, 11.3427968, '32TPQ8621231334', 109, 1466074834),
(434, 1949170730, 5, 44.5113022, 11.3427968, '32TPQ8621231334', 37, 1466074834),
(435, 1949170730, 13, 44.5113022, 11.3427968, '32TPQ8621231334', 23.6276, 1466074834),
(436, 1949170730, 12, 44.5113022, 11.3427968, '32TPQ8621231334', 43.8461, 1466074834),
(437, 1949170730, 6, 44.5113022, 11.3427968, '32TPQ8621231334', 1074.14, 1466074834),
(438, 1949170730, 100, 44.5113022, 11.3427968, '32TPQ8621231334', 479, 1466074847),
(439, 1949170730, 5, 44.5113022, 11.3427968, '32TPQ8621231334', 39, 1466074847),
(440, 1949170730, 13, 44.5113022, 11.3427968, '32TPQ8621231334', -3.11472, 1466074847),
(441, 1949170730, 12, 44.5113022, 11.3427968, '32TPQ8621231334', 43.8461, 1466074847),
(442, 1949170730, 6, 44.5113022, 11.3427968, '32TPQ8621231334', 1074.14, 1466074847),
(443, 1949170730, 100, 44.5113022, 11.3427968, '32TPQ8621231334', 479, 1466074860),
(444, 1949170730, 5, 44.5113022, 11.3427968, '32TPQ8621231334', 39, 1466074860),
(445, 1949170730, 13, 44.5113022, 11.3427968, '32TPQ8621231334', -3.11472, 1466074860),
(446, 1949170730, 12, 44.5113022, 11.3427968, '32TPQ8621231334', 43.8461, 1466074860),
(447, 1949170730, 6, 44.5113022, 11.3427968, '32TPQ8621231334', 1074.14, 1466074860),
(448, 1949170730, 100, 44.5113022, 11.3427968, '32TPQ8621231334', 393, 1466074873),
(449, 1949170730, 5, 44.5113022, 11.3427968, '32TPQ8621231334', 37, 1466074873),
(450, 1949170730, 13, 44.5113022, 11.3427968, '32TPQ8621231334', 32.2683, 1466074873),
(451, 1949170730, 12, 44.5113022, 11.3427968, '32TPQ8621231334', 32.8267, 1466074873),
(452, 1949170730, 6, 44.5113022, 11.3427968, '32TPQ8621231334', 1074.14, 1466074873),
(453, 1949170730, 13, 44.5112037, 11.3428269, '32TPQ8621531323', -12.995, 1466075850),
(454, 1949170730, 6, 44.5112037, 11.3428269, '32TPQ8621531323', 1075.43, 1466075850),
(455, 1949170730, 100, 44.5112037, 11.3428269, '32TPQ8621531323', 95, 1466075850),
(456, 1949170730, 12, 44.5112037, 11.3428269, '32TPQ8621531323', 79.1956, 1466075851),
(457, 1949170730, 5, 44.5112037, 11.3428269, '32TPQ8621531323', 47, 1466075851),
(458, 1949170730, 100, 44.5112037, 11.3428269, '32TPQ8621531323', 93, 1466075905),
(459, 1949170730, 5, 44.5112037, 11.3428269, '32TPQ8621531323', 45, 1466075905),
(460, 1949170730, 13, 44.5112037, 11.3428269, '32TPQ8621531323', 29.8389, 1466075905),
(461, 1949170730, 12, 44.5112037, 11.3428269, '32TPQ8621531323', 78.4878, 1466075905),
(462, 1949170730, 6, 44.5112037, 11.3428269, '32TPQ8621531323', 901.759, 1466075905),
(463, 1949170730, 100, 44.5112037, 11.3428269, '32TPQ8621531323', 1573, 1466075937),
(464, 1949170730, 5, 44.5112037, 11.3428269, '32TPQ8621531323', 23, 1466075937),
(465, 1949170730, 13, 44.5112037, 11.3428269, '32TPQ8621531323', 5.17828, 1466075938),
(466, 1949170730, 12, 44.5112037, 11.3428269, '32TPQ8621531323', 83.3263, 1466075938),
(467, 1949170730, 6, 44.5112037, 11.3428269, '32TPQ8621531323', 901.759, 1466075938),
(468, 1949170730, 100, 44.5112037, 11.3428269, '32TPQ8621531323', 113, 1466076118),
(469, 1949170730, 5, 44.5112037, 11.3428269, '32TPQ8621531323', 17, 1466076118),
(470, 1949170730, 13, 44.5112037, 11.3428269, '32TPQ8621531323', -5.93069, 1466076118),
(471, 1949170730, 12, 44.5112037, 11.3428269, '32TPQ8621531323', 98.5967, 1466076118),
(472, 1949170730, 6, 44.5112037, 11.3428269, '32TPQ8621531323', 944.502, 1466076118),
(473, 1949170730, 100, 44.5112037, 11.3428269, '32TPQ8621531323', 167, 1466076201),
(474, 1949170730, 6, 44.5112037, 11.3428269, '32TPQ8621531323', 926.644, 1466076201),
(475, 1949170730, 5, 44.5112037, 11.3428269, '32TPQ8621531323', 33, 1466076201),
(476, 1949170730, 13, 44.5112037, 11.3428269, '32TPQ8621531323', 19.2505, 1466076201),
(477, 1949170730, 12, 44.5112037, 11.3428269, '32TPQ8621531323', 66.2885, 1466076201),
(478, 1949170730, 100, 44.5112037, 11.3428269, '32TPQ8621531323', 231, 1466076330),
(479, 1949170730, 5, 44.5112037, 11.3428269, '32TPQ8621531323', 2, 1466076330),
(480, 1949170730, 13, 44.5112037, 11.3428269, '32TPQ8621531323', 13.8235, 1466076330),
(481, 1949170730, 12, 44.5112037, 11.3428269, '32TPQ8621531323', 30.0369, 1466076330),
(482, 1949170730, 6, 44.5112037, 11.3428269, '32TPQ8621531323', 904.814, 1466076330),
(488, 1949170730, 100, 44.5111749, 11.3427313, '32TPQ8620731320', 149, 1466076487),
(489, 1949170730, 5, 44.5111749, 11.3427313, '32TPQ8620731320', 41, 1466076487),
(490, 1949170730, 13, 44.5111749, 11.3427313, '32TPQ8620731320', 25.1881, 1466076487),
(491, 1949170730, 12, 44.5111749, 11.3427313, '32TPQ8620731320', 76.834, 1466076487),
(492, 1949170730, 6, 44.5111749, 11.3427313, '32TPQ8620731320', 1041.81, 1466076487),
(493, 1949170730, 100, 44.5111722, 11.342852, '32TPQ8621731320', 133, 1466077486),
(494, 1949170730, 13, 44.5111722, 11.342852, '32TPQ8621731320', 41.3692, 1466077487),
(495, 1949170730, 12, 44.5111722, 11.342852, '32TPQ8621731320', 74.2554, 1466077487),
(496, 1949170730, 100, 44.5112107, 11.3428376, '32TPQ8621631324', 291, 1466077659),
(497, 1949170730, 13, 44.5112107, 11.3428376, '32TPQ8621631324', -12.8865, 1466077659),
(498, 1949170730, 5, 44.5112107, 11.3428376, '32TPQ8621631324', 49, 1466077659),
(499, 1949170730, 6, 44.5112107, 11.3428376, '32TPQ8621631324', 925.063, 1466077659),
(500, 1949170730, 12, 44.5112107, 11.3428376, '32TPQ8621631324', 94.6916, 1466077659),
(501, 1949170730, 100, 44.5112071, 11.3427575, '32TPQ8620931324', 159, 1466077976),
(502, 1949170730, 5, 44.5112071, 11.3427575, '32TPQ8620931324', 36, 1466077976),
(503, 1949170730, 13, 44.5112071, 11.3427575, '32TPQ8620931324', 26.3693, 1466077976),
(504, 1949170730, 12, 44.5112071, 11.3427575, '32TPQ8620931324', 75.6553, 1466077976),
(505, 1949170730, 6, 44.5112071, 11.3427575, '32TPQ8620931324', 1023.38, 1466077977),
(506, 1949170730, 100, 44.5112071, 11.3427575, '32TPQ8620931324', 159, 1466077990),
(507, 1949170730, 5, 44.5112071, 11.3427575, '32TPQ8620931324', 43, 1466077990),
(508, 1949170730, 13, 44.5112071, 11.3427575, '32TPQ8620931324', 26.3693, 1466077990),
(509, 1949170730, 12, 44.5112071, 11.3427575, '32TPQ8620931324', 55.6967, 1466077990),
(510, 1949170730, 6, 44.5112071, 11.3427575, '32TPQ8620931324', 1035.48, 1466077990),
(511, 1949170730, 100, 44.5111457, 11.342689, '32TPQ8620431317', 308, 1466078047),
(512, 1949170730, 5, 44.5111457, 11.342689, '32TPQ8620431317', 51, 1466078047),
(513, 1949170730, 13, 44.5111457, 11.342689, '32TPQ8620431317', -11.4935, 1466078047),
(514, 1949170730, 12, 44.5111457, 11.342689, '32TPQ8620431317', 69.961, 1466078047),
(515, 1949170730, 6, 44.5111457, 11.342689, '32TPQ8620431317', 880.99, 1466078047),
(516, 1949170730, 100, 44.5111426, 11.3427396, '32TPQ8620831316', 183, 1466078074),
(517, 1949170730, 5, 44.5111426, 11.3427396, '32TPQ8620831316', 45, 1466078074),
(518, 1949170730, 13, 44.5111426, 11.3427396, '32TPQ8620831316', 29.5713, 1466078074),
(519, 1949170730, 12, 44.5111426, 11.3427396, '32TPQ8620831316', 36.2686, 1466078074),
(520, 1949170730, 6, 44.5111426, 11.3427396, '32TPQ8620831316', 1047.28, 1466078075),
(521, 1949170730, 100, 44.5112247, 11.3427989, '32TPQ8621231326', 455, 1466078225),
(522, 1949170730, 5, 44.5112247, 11.3427989, '32TPQ8621231326', 31, 1466078225),
(523, 1949170730, 13, 44.5112247, 11.3427989, '32TPQ8621231326', 15.3051, 1466078225),
(524, 1949170730, 12, 44.5112247, 11.3427989, '32TPQ8621231326', 88.6324, 1466078225),
(525, 1949170730, 6, 44.5112247, 11.3427989, '32TPQ8621231326', 999.228, 1466078225),
(526, 1949170730, 100, 44.5112247, 11.3427989, '32TPQ8621231326', 480, 1466078260),
(527, 1949170730, 5, 44.5112247, 11.3427989, '32TPQ8621231326', 39, 1466078260),
(528, 1949170730, 13, 44.5112247, 11.3427989, '32TPQ8621231326', -4.27199, 1466078260),
(529, 1949170730, 12, 44.5112247, 11.3427989, '32TPQ8621231326', 47.1655, 1466078260),
(530, 1949170730, 6, 44.5112247, 11.3427989, '32TPQ8621231326', 966.97, 1466078260),
(531, 1949170730, 100, 44.5112247, 11.3427989, '32TPQ8621231326', 1127, 1466078301),
(532, 1949170730, 5, 44.5112247, 11.3427989, '32TPQ8621231326', 41, 1466078301),
(533, 1949170730, 13, 44.5112247, 11.3427989, '32TPQ8621231326', 37.7313, 1466078301),
(534, 1949170730, 12, 44.5112247, 11.3427989, '32TPQ8621231326', 47.1655, 1466078301),
(535, 1949170730, 6, 44.5112247, 11.3427989, '32TPQ8621231326', 893.487, 1466078301),
(536, 1949170730, 100, 44.5112247, 11.3427989, '32TPQ8621231326', 972, 1466078351),
(537, 1949170730, 5, 44.5112247, 11.3427989, '32TPQ8621231326', 31, 1466078351),
(538, 1949170730, 13, 44.5112247, 11.3427989, '32TPQ8621231326', 31.1486, 1466078351),
(539, 1949170730, 12, 44.5112247, 11.3427989, '32TPQ8621231326', 94.7402, 1466078351),
(540, 1949170730, 6, 44.5112247, 11.3427989, '32TPQ8621231326', 1018.65, 1466078351),
(541, 1949170730, 100, 44.5110627, 11.3427627, '32TPQ8621031308', 238, 1466079351),
(542, 1949170730, 13, 44.5110627, 11.3427627, '32TPQ8621031308', 25.881, 1466079351),
(543, 1949170730, 12, 44.5110627, 11.3427627, '32TPQ8621031308', 40.8344, 1466079351),
(544, 1949170730, 5, 44.5110922, 11.3428217, '32TPQ8621531311', 33, 1466080152),
(545, 1949170730, 100, 44.5110922, 11.3428217, '32TPQ8621531311', 204, 1466080350),
(546, 1949170730, 13, 44.5110922, 11.3428217, '32TPQ8621531311', -2.69748, 1466080350),
(547, 1949170730, 12, 44.5110922, 11.3428217, '32TPQ8621531311', 89.2532, 1466080350),
(548, 1949170730, 100, 44.5111957, 11.3428263, '32TPQ8621531323', 2119, 1466081349),
(549, 1949170730, 13, 44.5111957, 11.3428263, '32TPQ8621531323', -11.5585, 1466081349),
(550, 1949170730, 12, 44.5111957, 11.3428263, '32TPQ8621531323', 38.5084, 1466081349),
(551, 1949170730, 100, 44.5111764, 11.3427034, '32TPQ8620531320', 1971, 1466081470),
(552, 1949170730, 5, 44.5111764, 11.3427034, '32TPQ8620531320', 31, 1466081470),
(553, 1949170730, 13, 44.5111764, 11.3427034, '32TPQ8620531320', 5.96714, 1466081470),
(554, 1949170730, 12, 44.5111764, 11.3427034, '32TPQ8620531320', 44.7823, 1466081470),
(555, 1949170730, 6, 44.5111764, 11.3427034, '32TPQ8620531320', 917.464, 1466081470),
(556, 1949170730, 100, 44.5110657, 11.3427648, '32TPQ8621031308', 114, 1466081619),
(557, 1949170730, 5, 44.5110657, 11.3427648, '32TPQ8621031308', 31, 1466081619),
(558, 1949170730, 13, 44.5110657, 11.3427648, '32TPQ8621031308', 13.6484, 1466081619),
(559, 1949170730, 12, 44.5110657, 11.3427648, '32TPQ8621031308', 83.4602, 1466081619),
(560, 1949170730, 6, 44.5110657, 11.3427648, '32TPQ8621031308', 985.659, 1466081619),
(561, 1949170730, 6, 44.5110657, 11.3427648, '32TPQ8621031308', 985.659, 1466081646),
(562, 1949170730, 6, 44.5110657, 11.3427648, '32TPQ8621031308', 985.659, 1466081648),
(563, 1949170730, 6, 44.5110657, 11.3427648, '32TPQ8621031308', 985.659, 1466081649),
(564, 1949170730, 6, 44.5110657, 11.3427648, '32TPQ8621031308', 985.659, 1466081650),
(565, 1949170730, 6, 44.5110657, 11.3427648, '32TPQ8621031308', 985.659, 1466081651),
(566, 1949170730, 6, 44.5110657, 11.3427648, '32TPQ8621031308', 985.659, 1466081653),
(567, 1949170730, 6, 44.5111537, 11.3427978, '32TPQ8621331318', 966.651, 1466081733),
(568, 1949170730, 6, 44.5111537, 11.3427978, '32TPQ8621331318', 966.651, 1466081735),
(569, 1949170730, 6, 44.5111537, 11.3427978, '32TPQ8621331318', 966.651, 1466081736),
(570, 1949170730, 6, 44.5111537, 11.3427978, '32TPQ8621331318', 966.651, 1466081736),
(571, 1949170730, 6, 44.5111537, 11.3427978, '32TPQ8621331318', 966.651, 1466081736),
(572, 1949170730, 6, 44.5111537, 11.3427978, '32TPQ8621331318', 966.651, 1466081737),
(573, 1949170730, 6, 44.5111537, 11.3427978, '32TPQ8621331318', 966.651, 1466081737),
(574, 1949170730, 6, 44.5111537, 11.3427978, '32TPQ8621331318', 966.651, 1466081737),
(575, 1949170730, 6, 44.5111537, 11.3427978, '32TPQ8621331318', 966.651, 1466081738),
(576, 1949170730, 6, 44.5111537, 11.3427978, '32TPQ8621331318', 966.651, 1466081738),
(577, 1949170730, 6, 44.5111537, 11.3427978, '32TPQ8621331318', 966.651, 1466081738),
(578, 1949170730, 6, 44.5111537, 11.3427978, '32TPQ8621331318', 966.651, 1466081739),
(594, 1949170730, 100, 44.5112355, 11.3429, '32TPQ8622031327', 73, 1466083911),
(595, 1949170730, 5, 44.5112355, 11.3429, '32TPQ8622031327', 15, 1466083911),
(596, 1949170730, 13, 44.5112355, 11.3429, '32TPQ8622031327', -8.9301, 1466083911),
(597, 1949170730, 12, 44.5112355, 11.3429, '32TPQ8622031327', 47.1331, 1466083911),
(598, 1949170730, 6, 44.5112355, 11.3429, '32TPQ8622031327', 1006.35, 1466083911),
(599, 1949170730, 100, 44.5112355, 11.3429, '32TPQ8622031327', 73, 1466083913),
(600, 1949170730, 6, 44.5112355, 11.3429, '32TPQ8622031327', 1006.35, 1466083913),
(601, 1949170730, 5, 44.5112355, 11.3429, '32TPQ8622031327', 15, 1466083914),
(602, 1949170730, 13, 44.5112355, 11.3429, '32TPQ8622031327', -8.9301, 1466083914),
(603, 1949170730, 12, 44.5112355, 11.3429, '32TPQ8622031327', 47.1331, 1466083914),
(604, 1949170730, 6, 44.5112355, 11.3429, '32TPQ8622031327', 1006.35, 1466083914),
(605, 1949170730, 6, 44.5110222, 11.3430787, '32TPQ8623531304', 1006.35, 1466083916),
(606, 1949170730, 6, 44.5110222, 11.3430787, '32TPQ8623531304', 1006.35, 1466083917),
(607, 1949170730, 6, 44.5110222, 11.3430787, '32TPQ8623531304', 1006.35, 1466083917),
(608, 1949170730, 6, 44.5110222, 11.3430787, '32TPQ8623531304', 1006.35, 1466083918),
(609, 1949170730, 6, 44.5110222, 11.3430787, '32TPQ8623531304', 1006.35, 1466083919),
(610, 1949170730, 6, 44.5110222, 11.3430787, '32TPQ8623531304', 1006.35, 1466083921),
(611, 1949170730, 6, 44.5110222, 11.3430787, '32TPQ8623531304', 1006.35, 1466083923),
(612, 1949170730, 6, 44.5110222, 11.3430787, '32TPQ8623531304', 1006.35, 1466083924),
(613, 1949170730, 6, 44.5110222, 11.3430787, '32TPQ8623531304', 1006.35, 1466083925),
(614, 1949170730, 6, 44.5110222, 11.3430787, '32TPQ8623531304', 1006.35, 1466083925),
(615, 1949170730, 6, 44.5110222, 11.3430787, '32TPQ8623531304', 1006.35, 1466083926),
(616, 1949170730, 6, 44.5110222, 11.3430787, '32TPQ8623531304', 1006.35, 1466083926),
(617, 1949170730, 6, 44.5110222, 11.3430787, '32TPQ8623531304', 1006.35, 1466083927),
(618, 1949170730, 6, 44.5110222, 11.3430787, '32TPQ8623531304', 1006.35, 1466083927),
(619, 1949170730, 6, 44.5110222, 11.3430787, '32TPQ8623531304', 1006.35, 1466083928),
(620, 1949170730, 100, 44.510553, 11.3486267, '32TPQ8667831264', 369, 1466098891),
(621, 1949170730, 5, 44.510553, 11.3486267, '32TPQ8667831264', 11, 1466098891),
(622, 1949170730, 13, 44.510553, 11.3486267, '32TPQ8667831264', 17.1226, 1466098891),
(623, 1949170730, 12, 44.510553, 11.3486267, '32TPQ8667831264', 89.5705, 1466098891),
(624, 1949170730, 6, 44.510553, 11.3486267, '32TPQ8667831264', 1023.85, 1466098891),
(625, 1949170730, 100, 44.510553, 11.3486267, '32TPQ8667831264', 369, 1466098891),
(626, 1949170730, 6, 44.510553, 11.3486267, '32TPQ8667831264', 1023.85, 1466098892),
(627, 1949170730, 100, 44.510553, 11.3486267, '32TPQ8667831264', 369, 1466098892),
(628, 1949170730, 6, 44.510553, 11.3486267, '32TPQ8667831264', 1023.85, 1466098893),
(629, 1949170730, 100, 44.510553, 11.3486267, '32TPQ8667831264', 369, 1466098893),
(630, 1949170730, 6, 44.510553, 11.3486267, '32TPQ8667831264', 1023.85, 1466098893),
(631, 1949170730, 100, 44.510553, 11.3486267, '32TPQ8667831264', 369, 1466098894),
(632, 1949170730, 6, 44.510553, 11.3486267, '32TPQ8667831264', 1023.85, 1466098894),
(633, 1949170730, 100, 44.510553, 11.3486267, '32TPQ8667831264', 369, 1466098894),
(634, 1949170730, 6, 44.510553, 11.3486267, '32TPQ8667831264', 1023.85, 1466098895),
(635, 1949170730, 100, 44.510553, 11.3486267, '32TPQ8667831264', 369, 1466098895),
(636, 1949170730, 6, 44.510553, 11.3486267, '32TPQ8667831264', 1023.85, 1466098895),
(637, 1949170730, 100, 44.510553, 11.3486267, '32TPQ8667831264', 369, 1466098896),
(638, 1949170730, 6, 44.510553, 11.3486267, '32TPQ8667831264', 1023.85, 1466098896),
(639, 1949170730, 100, 44.510553, 11.3486267, '32TPQ8667831264', 369, 1466098896),
(640, 1949170730, 6, 44.510553, 11.3486267, '32TPQ8667831264', 1023.85, 1466098897),
(641, 1949170730, 100, 44.510553, 11.3486267, '32TPQ8667831264', 369, 1466098897),
(642, 1949170730, 6, 44.510553, 11.3486267, '32TPQ8667831264', 1023.85, 1466098898),
(643, 1949170730, 100, 44.510553, 11.3486267, '32TPQ8667831264', 369, 1466098898),
(644, 1949170730, 6, 44.510553, 11.3486267, '32TPQ8667831264', 1023.85, 1466098898),
(645, 1949170730, 100, 44.510553, 11.3486267, '32TPQ8667831264', 369, 1466098899),
(646, 1949170730, 6, 44.510553, 11.3486267, '32TPQ8667831264', 1023.85, 1466098899),
(647, 1949170730, 100, 44.510553, 11.3486267, '32TPQ8667831264', 369, 1466098899),
(648, 1949170730, 6, 44.510553, 11.3486267, '32TPQ8667831264', 1023.85, 1466098900),
(649, 1949170730, 100, 44.510553, 11.3486267, '32TPQ8667831264', 369, 1466098900),
(650, 1949170730, 6, 44.510553, 11.3486267, '32TPQ8667831264', 1023.85, 1466098900),
(651, 1949170730, 100, 44.510553, 11.3486267, '32TPQ8667831264', 369, 1466098901),
(652, 1949170730, 6, 44.510553, 11.3486267, '32TPQ8667831264', 1023.85, 1466098901),
(653, 1949170730, 100, 44.510553, 11.3486267, '32TPQ8667831264', 369, 1466098902),
(654, 1949170730, 100, 44.510553, 11.3486267, '32TPQ8667831264', 369, 1466098903),
(655, 1949170730, 6, 44.510553, 11.3486267, '32TPQ8667831264', 1023.85, 1466098903),
(656, 1949170730, 100, 44.510553, 11.3486267, '32TPQ8667831264', 369, 1466098903),
(657, 1949170730, 6, 44.510553, 11.3486267, '32TPQ8667831264', 1023.85, 1466098904),
(658, 1949170730, 100, 44.510553, 11.3486267, '32TPQ8667831264', 369, 1466098904),
(659, 1949170730, 6, 44.510553, 11.3486267, '32TPQ8667831264', 1023.85, 1466098904),
(660, 1949170730, 100, 44.510553, 11.3486267, '32TPQ8667831264', 369, 1466098905),
(661, 1949170730, 6, 44.510553, 11.3486267, '32TPQ8667831264', 1023.85, 1466098905),
(662, 1949170730, 100, 44.510553, 11.3486267, '32TPQ8667831264', 369, 1466098905),
(663, 1949170730, 6, 44.510553, 11.3486267, '32TPQ8667831264', 1023.85, 1466098906),
(664, 1949170730, 100, 44.510553, 11.3486267, '32TPQ8667831264', 369, 1466098906),
(665, 1949170730, 6, 44.510553, 11.3486267, '32TPQ8667831264', 1023.85, 1466098907),
(666, 1949170730, 100, 44.510553, 11.3486267, '32TPQ8667831264', 369, 1466098907),
(667, 1949170730, 6, 44.510553, 11.3486267, '32TPQ8667831264', 1023.85, 1466098908),
(668, 1949170730, 100, 44.510553, 11.3486267, '32TPQ8667831264', 369, 1466098908),
(669, 1949170730, 6, 44.510553, 11.3486267, '32TPQ8667831264', 1023.85, 1466098909),
(670, 1949170730, 100, 44.510553, 11.3486267, '32TPQ8667831264', 369, 1466098909),
(671, 1949170730, 100, 44.510553, 11.3486267, '32TPQ8667831264', 369, 1466098910),
(672, 1949170730, 6, 44.510553, 11.3486267, '32TPQ8667831264', 1023.85, 1466098910),
(673, 1949170730, 100, 44.510553, 11.3486267, '32TPQ8667831264', 369, 1466098911),
(674, 1949170730, 6, 44.510553, 11.3486267, '32TPQ8667831264', 1023.85, 1466098912),
(675, 1949170730, 100, 44.510553, 11.3486267, '32TPQ8667831264', 369, 1466098912),
(676, 1949170730, 6, 44.510553, 11.3486267, '32TPQ8667831264', 1023.85, 1466098913),
(677, 1949170730, 100, 44.510553, 11.3486267, '32TPQ8667831264', 369, 1466098913),
(678, 1949170730, 6, 44.510553, 11.3486267, '32TPQ8667831264', 1023.85, 1466098914),
(679, 1949170730, 100, 44.510553, 11.3486267, '32TPQ8667831264', 369, 1466098914),
(680, 1949170730, 6, 44.510553, 11.3486267, '32TPQ8667831264', 1023.85, 1466098915),
(681, 1949170730, 100, 44.510553, 11.3486267, '32TPQ8667831264', 369, 1466098915),
(682, 1949170730, 6, 44.510553, 11.3486267, '32TPQ8667831264', 1023.85, 1466098916),
(683, 1949170730, 100, 44.510553, 11.3486267, '32TPQ8667831264', 369, 1466098916),
(684, 1949170730, 100, 44.510553, 11.3486267, '32TPQ8667831264', 369, 1466098917),
(685, 1949170730, 6, 44.510553, 11.3486267, '32TPQ8667831264', 1023.85, 1466098917),
(686, 1949170730, 100, 44.510553, 11.3486267, '32TPQ8667831264', 369, 1466098918),
(687, 1949170730, 6, 44.510553, 11.3486267, '32TPQ8667831264', 1023.85, 1466098919),
(688, 1949170730, 100, 44.510553, 11.3486267, '32TPQ8667831264', 369, 1466098919),
(689, 1949170730, 6, 44.510553, 11.3486267, '32TPQ8667831264', 1023.85, 1466098920),
(690, 1949170730, 100, 44.510553, 11.3486267, '32TPQ8667831264', 369, 1466098920),
(691, 1949170730, 6, 44.510553, 11.3486267, '32TPQ8667831264', 1023.85, 1466098921),
(692, 1949170730, 100, 44.510553, 11.3486267, '32TPQ8667831264', 369, 1466098922),
(693, 1949170730, 6, 44.510553, 11.3486267, '32TPQ8667831264', 1023.85, 1466098922),
(694, 1949170730, 100, 44.510553, 11.3486267, '32TPQ8667831264', 369, 1466098923),
(695, 1949170730, 6, 44.510553, 11.3486267, '32TPQ8667831264', 1023.85, 1466098924),
(696, 1949170730, 100, 44.510553, 11.3486267, '32TPQ8667831264', 369, 1466098925),
(697, 1949170730, 6, 44.510553, 11.3486267, '32TPQ8667831264', 1023.85, 1466098925),
(698, 1949170730, 100, 44.510553, 11.3486267, '32TPQ8667831264', 462, 1466098926),
(699, 1949170730, 6, 44.510553, 11.3486267, '32TPQ8667831264', 1023.85, 1466098926),
(700, 1949170730, 100, 44.510553, 11.3486267, '32TPQ8667831264', 462, 1466098927),
(701, 1949170730, 6, 44.510553, 11.3486267, '32TPQ8667831264', 1023.85, 1466098927),
(702, 1949170730, 100, 44.510553, 11.3486267, '32TPQ8667831264', 462, 1466098928),
(703, 1949170730, 6, 44.510553, 11.3486267, '32TPQ8667831264', 1023.85, 1466098928),
(704, 1949170730, 100, 44.510553, 11.3486267, '32TPQ8667831264', 462, 1466098928),
(705, 1949170730, 100, 44.510553, 11.3486267, '32TPQ8667831264', 462, 1466098929),
(706, 1949170730, 6, 44.510553, 11.3486267, '32TPQ8667831264', 1023.85, 1466098930),
(707, 1949170730, 100, 44.510553, 11.3486267, '32TPQ8667831264', 462, 1466098930),
(718, 1974671864, 100, 44.508802, 11.3493147, '32TPQ8673831071', 3365, 1466184840),
(719, 1974671864, 5, 44.508802, 11.3493147, '32TPQ8673831071', 0, 1466184840),
(720, 1974671864, 13, 44.508802, 11.3493147, '32TPQ8673831071', 9.45364, 1466184840),
(721, 1974671864, 12, 44.508802, 11.3493147, '32TPQ8673831071', 63.4618, 1466184840),
(722, 1974671864, 6, 44.508802, 11.3493147, '32TPQ8673831071', 1008.25, 1466184840),
(728, 1949170730, 100, 44.5106316, 11.3490891, '32TPQ8671431274', 468, 1466185066),
(729, 1949170730, 5, 44.5106316, 11.3490891, '32TPQ8671431274', 6, 1466185066),
(730, 1949170730, 12, 44.5106316, 11.3490891, '32TPQ8671431274', 50.3703, 1466185066),
(731, 1949170730, 13, 44.5106316, 11.3490891, '32TPQ8671431274', 32.5762, 1466185066),
(732, 1949170730, 6, 44.5106316, 11.3490891, '32TPQ8671431274', 963.156, 1466185066),
(733, 1949170730, 5, 44.5106316, 11.3490891, '32TPQ8671431274', 6, 1466185068),
(734, 1949170730, 6, 44.5106316, 11.3490891, '32TPQ8671431274', 963.156, 1466185068),
(735, 1949170730, 5, 44.5106316, 11.3490891, '32TPQ8671431274', 6, 1466185069),
(736, 1949170730, 6, 44.5106316, 11.3490891, '32TPQ8671431274', 963.156, 1466185069),
(737, 1949170730, 5, 44.5106316, 11.3490891, '32TPQ8671431274', 6, 1466185070),
(738, 1949170730, 6, 44.5106316, 11.3490891, '32TPQ8671431274', 963.156, 1466185071),
(739, 1949170730, 5, 44.5106316, 11.3490891, '32TPQ8671431274', 6, 1466185071),
(740, 1949170730, 6, 44.5106316, 11.3490891, '32TPQ8671431274', 963.156, 1466185072),
(741, 1949170730, 5, 44.5106316, 11.3490891, '32TPQ8671431274', 6, 1466185073),
(742, 1949170730, 5, 44.5106316, 11.3490891, '32TPQ8671431274', 6, 1466185074),
(743, 1949170730, 6, 44.5106316, 11.3490891, '32TPQ8671431274', 888.901, 1466185075),
(744, 1949170730, 5, 44.5106316, 11.3490891, '32TPQ8671431274', 6, 1466185076),
(745, 1949170730, 6, 44.5106316, 11.3490891, '32TPQ8671431274', 888.901, 1466185076),
(746, 1949170730, 5, 44.5106316, 11.3490891, '32TPQ8671431274', 6, 1466185077),
(747, 1949170730, 6, 44.5106316, 11.3490891, '32TPQ8671431274', 888.901, 1466185077),
(748, 1949170730, 6, 44.5106316, 11.3490891, '32TPQ8671431274', 888.901, 1466185078),
(749, 1949170730, 5, 44.5106316, 11.3490891, '32TPQ8671431274', 6, 1466185080),
(750, 1949170730, 5, 44.5106316, 11.3490891, '32TPQ8671431274', 6, 1466185080),
(751, 1949170730, 5, 44.5106316, 11.3490891, '32TPQ8671431274', 6, 1466185081),
(752, 1949170730, 6, 44.5106316, 11.3490891, '32TPQ8671431274', 888.901, 1466185082),
(753, 1949170730, 5, 44.5106316, 11.3490891, '32TPQ8671431274', 6, 1466185082),
(754, 1974671864, 100, 44.5106248, 11.3490343, '32TPQ8671031273', 2522, 1466185083),
(755, 1949170730, 6, 44.5106316, 11.3490891, '32TPQ8671431274', 888.901, 1466185083),
(756, 1974671864, 5, 44.5106248, 11.3490343, '32TPQ8671031273', 1, 1466185083),
(757, 1974671864, 13, 44.5106248, 11.3490343, '32TPQ8671031273', 22.2959, 1466185083),
(758, 1974671864, 12, 44.5106248, 11.3490343, '32TPQ8671031273', 37.3203, 1466185083),
(759, 1974671864, 6, 44.5106248, 11.3490343, '32TPQ8671031273', 1008.29, 1466185083),
(760, 1949170730, 5, 44.5106316, 11.3490891, '32TPQ8671431274', 4, 1466185084),
(761, 1949170730, 6, 44.5106316, 11.3490891, '32TPQ8671431274', 888.901, 1466185084),
(762, 1949170730, 5, 44.5106316, 11.3490891, '32TPQ8671431274', 4, 1466185085),
(763, 1949170730, 5, 44.5106316, 11.3490891, '32TPQ8671431274', 4, 1466185085),
(764, 1949170730, 6, 44.5106316, 11.3490891, '32TPQ8671431274', 888.901, 1466185086),
(765, 1949170730, 5, 44.5106316, 11.3490891, '32TPQ8671431274', 4, 1466185087),
(766, 1949170730, 6, 44.5106316, 11.3490891, '32TPQ8671431274', 888.901, 1466185087),
(767, 1949170730, 5, 44.5106316, 11.3490891, '32TPQ8671431274', 6, 1466185088),
(768, 1949170730, 6, 44.5106316, 11.3490891, '32TPQ8671431274', 888.901, 1466185088),
(769, 1949170730, 5, 44.5106316, 11.3490891, '32TPQ8671431274', 6, 1466185089),
(770, 1949170730, 6, 44.5106316, 11.3490891, '32TPQ8671431274', 888.901, 1466185089),
(771, 1949170730, 5, 44.5106316, 11.3490891, '32TPQ8671431274', 6, 1466185090),
(772, 1949170730, 6, 44.5106316, 11.3490891, '32TPQ8671431274', 888.901, 1466185091),
(773, 1949170730, 5, 44.5106316, 11.3490891, '32TPQ8671431274', 6, 1466185091),
(774, 1949170730, 6, 44.5106316, 11.3490891, '32TPQ8671431274', 888.901, 1466185092),
(775, 1949170730, 5, 44.5106316, 11.3490891, '32TPQ8671431274', 6, 1466185092),
(776, 1949170730, 6, 44.5106316, 11.3490891, '32TPQ8671431274', 888.901, 1466185093),
(777, 1949170730, 5, 44.5106316, 11.3490891, '32TPQ8671431274', 6, 1466185093),
(778, 1949170730, 6, 44.5106316, 11.3490891, '32TPQ8671431274', 888.901, 1466185094),
(779, 1949170730, 5, 44.5106316, 11.3490891, '32TPQ8671431274', 6, 1466185094),
(780, 1949170730, 6, 44.5106316, 11.3490891, '32TPQ8671431274', 888.901, 1466185095),
(781, 1949170730, 5, 44.5106316, 11.3490891, '32TPQ8671431274', 6, 1466185096),
(782, 1949170730, 6, 44.5106316, 11.3490891, '32TPQ8671431274', 888.901, 1466185096),
(783, 1949170730, 5, 44.5106316, 11.3490891, '32TPQ8671431274', 6, 1466185097),
(784, 1949170730, 6, 44.5106316, 11.3490891, '32TPQ8671431274', 888.901, 1466185097),
(785, 1949170730, 5, 44.5106316, 11.3490891, '32TPQ8671431274', 6, 1466185098),
(786, 1949170730, 6, 44.5106316, 11.3490891, '32TPQ8671431274', 888.901, 1466185099),
(787, 1949170730, 5, 44.5106316, 11.3490891, '32TPQ8671431274', 4, 1466185099),
(788, 1949170730, 6, 44.5106316, 11.3490891, '32TPQ8671431274', 888.901, 1466185100),
(789, 1949170730, 5, 44.5106316, 11.3490891, '32TPQ8671431274', 4, 1466185100),
(790, 1949170730, 6, 44.5106316, 11.3490891, '32TPQ8671431274', 1058.09, 1466185101),
(791, 1949170730, 5, 44.5106316, 11.3490891, '32TPQ8671431274', 4, 1466185102),
(792, 1949170730, 6, 44.5106316, 11.3490891, '32TPQ8671431274', 1058.09, 1466185102),
(793, 1949170730, 5, 44.5106316, 11.3490891, '32TPQ8671431274', 4, 1466185103),
(794, 1949170730, 6, 44.5106316, 11.3490891, '32TPQ8671431274', 1058.09, 1466185103),
(795, 1949170730, 5, 44.5106316, 11.3490891, '32TPQ8671431274', 4, 1466185104),
(796, 1949170730, 6, 44.5106316, 11.3490891, '32TPQ8671431274', 1058.09, 1466185105),
(797, 1949170730, 5, 44.5106316, 11.3490891, '32TPQ8671431274', 4, 1466185106),
(798, 1949170730, 6, 44.5106316, 11.3490891, '32TPQ8671431274', 1058.09, 1466185106),
(799, 1949170730, 5, 44.5106316, 11.3490891, '32TPQ8671431274', 4, 1466185107),
(800, 1949170730, 6, 44.5106316, 11.3490891, '32TPQ8671431274', 1058.09, 1466185107),
(801, 1949170730, 5, 44.5106316, 11.3490891, '32TPQ8671431274', 4, 1466185108),
(802, 1949170730, 6, 44.5106316, 11.3490891, '32TPQ8671431274', 1058.09, 1466185109),
(803, 1949170730, 5, 44.5106316, 11.3490891, '32TPQ8671431274', 4, 1466185109),
(804, 1949170730, 6, 44.5106316, 11.3490891, '32TPQ8671431274', 1058.09, 1466185110),
(805, 1949170730, 5, 44.5106316, 11.3490891, '32TPQ8671431274', 4, 1466185110),
(806, 1949170730, 6, 44.5106316, 11.3490891, '32TPQ8671431274', 1058.09, 1466185111),
(807, 1949170730, 5, 44.5106316, 11.3490891, '32TPQ8671431274', 4, 1466185112),
(808, 1949170730, 6, 44.5106316, 11.3490891, '32TPQ8671431274', 1058.09, 1466185113),
(809, 1949170730, 5, 44.5106316, 11.3490891, '32TPQ8671431274', 4, 1466185113),
(810, 1949170730, 6, 44.5106316, 11.3490891, '32TPQ8671431274', 1058.09, 1466185114),
(811, 1949170730, 5, 44.5106316, 11.3490891, '32TPQ8671431274', 4, 1466185114),
(812, 1949170730, 6, 44.5106316, 11.3490891, '32TPQ8671431274', 1058.09, 1466185115),
(813, 1949170730, 6, 44.5106316, 11.3490891, '32TPQ8671431274', 1058.09, 1466185116),
(814, 1949170730, 6, 44.5106316, 11.3490891, '32TPQ8671431274', 1058.09, 1466185117),
(815, 1949170730, 100, 44.5106316, 11.3490891, '32TPQ8671431274', 495, 1466185202),
(816, 1949170730, 5, 44.5106316, 11.3490891, '32TPQ8671431274', 4, 1466185202),
(817, 1949170730, 12, 44.5106316, 11.3490891, '32TPQ8671431274', 57.9842, 1466185202),
(818, 1949170730, 13, 44.5106316, 11.3490891, '32TPQ8671431274', -2.40096, 1466185202),
(819, 1949170730, 6, 44.5106316, 11.3490891, '32TPQ8671431274', 923.187, 1466185202),
(820, 1949170730, 5, 44.5106316, 11.3490891, '32TPQ8671431274', 4, 1466185203),
(821, 1949170730, 6, 44.5106316, 11.3490891, '32TPQ8671431274', 923.187, 1466185204),
(822, 1949170730, 5, 44.5106316, 11.3490891, '32TPQ8671431274', 4, 1466185205);
INSERT INTO `all_sensor_data` (`id`, `user`, `type`, `latitude`, `longitude`, `mgrs`, `value`, `timestamp`) VALUES
(823, 1949170730, 6, 44.5106316, 11.3490891, '32TPQ8671431274', 923.187, 1466185206),
(824, 1949170730, 5, 44.5106316, 11.3490891, '32TPQ8671431274', 4, 1466185206),
(825, 1949170730, 6, 44.5106316, 11.3490891, '32TPQ8671431274', 887.598, 1466185207),
(826, 1949170730, 5, 44.5106316, 11.3490891, '32TPQ8671431274', 4, 1466185207),
(827, 1949170730, 6, 44.5106316, 11.3490891, '32TPQ8671431274', 887.598, 1466185208),
(828, 1949170730, 5, 44.5106316, 11.3490891, '32TPQ8671431274', 4, 1466185209),
(829, 1949170730, 6, 44.5106316, 11.3490891, '32TPQ8671431274', 887.598, 1466185209),
(830, 1949170730, 5, 44.5106316, 11.3490891, '32TPQ8671431274', 4, 1466185210),
(831, 1949170730, 6, 44.5106316, 11.3490891, '32TPQ8671431274', 887.598, 1466185211),
(832, 1949170730, 5, 44.5106316, 11.3490891, '32TPQ8671431274', 4, 1466185212),
(833, 1949170730, 6, 44.5106316, 11.3490891, '32TPQ8671431274', 887.598, 1466185213),
(834, 1949170730, 5, 44.5106316, 11.3490891, '32TPQ8671431274', 4, 1466185213),
(835, 1949170730, 6, 44.5106316, 11.3490891, '32TPQ8671431274', 887.598, 1466185214),
(836, 1949170730, 5, 44.5106316, 11.3490891, '32TPQ8671431274', 4, 1466185214),
(837, 1949170730, 5, 44.5106316, 11.3490891, '32TPQ8671431274', 4, 1466185220),
(838, 1949170730, 6, 44.5106316, 11.3490891, '32TPQ8671431274', 887.598, 1466185220),
(839, 1949170730, 5, 44.5106316, 11.3490891, '32TPQ8671431274', 4, 1466185221),
(840, 1949170730, 6, 44.5106316, 11.3490891, '32TPQ8671431274', 887.598, 1466185221),
(841, 1949170730, 5, 44.5106316, 11.3490891, '32TPQ8671431274', 4, 1466185222),
(842, 1949170730, 6, 44.5106316, 11.3490891, '32TPQ8671431274', 887.598, 1466185222),
(843, 1949170730, 5, 44.5106316, 11.3490891, '32TPQ8671431274', 4, 1466185223),
(844, 1949170730, 6, 44.5106316, 11.3490891, '32TPQ8671431274', 887.598, 1466185224),
(845, 1949170730, 5, 44.5106316, 11.3490891, '32TPQ8671431274', 4, 1466185224),
(846, 1949170730, 6, 44.5106316, 11.3490891, '32TPQ8671431274', 887.598, 1466185224),
(847, 1949170730, 5, 44.5106316, 11.3490891, '32TPQ8671431274', 4, 1466185225),
(848, 1949170730, 6, 44.5106316, 11.3490891, '32TPQ8671431274', 887.598, 1466185226),
(849, 1949170730, 6, 44.5106316, 11.3490891, '32TPQ8671431274', 887.598, 1466185228),
(850, 1949170730, 100, 44.5106198, 11.3491262, '32TPQ8671731273', 527, 1466188614),
(851, 1949170730, 5, 44.5106198, 11.3491262, '32TPQ8671731273', 4, 1466188614),
(852, 1949170730, 13, 44.5106198, 11.3491262, '32TPQ8671731273', -7.02915, 1466188614),
(853, 1949170730, 12, 44.5106198, 11.3491262, '32TPQ8671731273', 52.6369, 1466188614),
(854, 1949170730, 6, 44.5106198, 11.3491262, '32TPQ8671731273', 902.817, 1466188614),
(855, 1949170730, 100, 44.5105266, 11.3486497, '32TPQ8668031262', 836, 1466188644),
(856, 1949170730, 5, 44.5105266, 11.3486497, '32TPQ8668031262', 4, 1466188644),
(857, 1949170730, 13, 44.5105266, 11.3486497, '32TPQ8668031262', -9.49325, 1466188644),
(858, 1949170730, 12, 44.5105266, 11.3486497, '32TPQ8668031262', 70.1452, 1466188644),
(859, 1949170730, 6, 44.5105266, 11.3486497, '32TPQ8668031262', 902.817, 1466188644),
(860, 1949170730, 100, 44.5105266, 11.3486497, '32TPQ8668031262', 750, 1466188803),
(861, 1949170730, 5, 44.5105266, 11.3486497, '32TPQ8668031262', 4, 1466188803),
(862, 1949170730, 13, 44.5105266, 11.3486497, '32TPQ8668031262', 12.5449, 1466188803),
(863, 1949170730, 12, 44.5105266, 11.3486497, '32TPQ8668031262', 86.5533, 1466188803),
(864, 1949170730, 6, 44.5105266, 11.3486497, '32TPQ8668031262', 939.135, 1466188803),
(865, 1949170730, 100, 44.5105382, 11.3484941, '32TPQ8666731262', 75, 1466405100),
(866, 1949170730, 5, 44.5105382, 11.3484941, '32TPQ8666731262', 4, 1466405100),
(867, 1949170730, 13, 44.5105382, 11.3484941, '32TPQ8666731262', -12.3636, 1466405100),
(868, 1949170730, 12, 44.5105382, 11.3484941, '32TPQ8666731262', 92.2313, 1466405100),
(869, 1949170730, 6, 44.5105382, 11.3484941, '32TPQ8666731262', 941.449, 1466405100),
(870, 1949170730, 100, 44.5019211, 11.3590128, '32TPQ8753130329', 7761, 1466505447),
(871, 1949170730, 5, 44.5019211, 11.3590128, '32TPQ8753130329', -1, 1466505447),
(872, 1949170730, 13, 44.5019211, 11.3590128, '32TPQ8753130329', 21.6951, 1466505447),
(873, 1949170730, 12, 44.5019211, 11.3590128, '32TPQ8753130329', 66.1158, 1466505447),
(874, 1949170730, 6, 44.5019211, 11.3590128, '32TPQ8753130329', 1015.53, 1466505447),
(875, 1949170730, 100, 44.502034, 11.3591717, '32TPQ8754330342', 760, 1466505816),
(876, 1949170730, 5, 44.502034, 11.3591717, '32TPQ8754330342', 159, 1466505816),
(877, 1949170730, 13, 44.502034, 11.3591717, '32TPQ8754330342', 5.16087, 1466505816),
(878, 1949170730, 12, 44.502034, 11.3591717, '32TPQ8754330342', 52.0748, 1466505816),
(879, 1949170730, 6, 44.502034, 11.3591717, '32TPQ8754330342', 979.133, 1466505816),
(880, 1949170730, 100, 44.5014365, 11.3583924, '32TPQ8748330274', 2614, 1466506697),
(881, 1949170730, 5, 44.5013372, 11.3580108, '32TPQ8745330262', -1, 1466506697),
(882, 1949170730, 13, 44.5013372, 11.3580108, '32TPQ8745330262', 28.8675, 1466506697),
(883, 1949170730, 12, 44.5013372, 11.3580108, '32TPQ8745330262', 95.0756, 1466506697),
(884, 1949170730, 6, 44.5013372, 11.3580108, '32TPQ8745330262', 929.018, 1466506697),
(885, 1949170730, 100, 44.5013113, 11.3575612, '32TPQ8741830258', 2614, 1466506710),
(886, 1949170730, 5, 44.5013113, 11.3575612, '32TPQ8741830258', 44, 1466506710),
(887, 1949170730, 13, 44.5013113, 11.3575612, '32TPQ8741830258', 28.8675, 1466506710),
(888, 1949170730, 12, 44.5013113, 11.3575612, '32TPQ8741830258', 95.0756, 1466506710),
(889, 1949170730, 6, 44.5013113, 11.3575612, '32TPQ8741830258', 929.018, 1466506710),
(890, 1949170730, 100, 44.5022047, 11.3589179, '32TPQ8752330361', 1509, 1466506971),
(891, 1949170730, 5, 44.5022047, 11.3589179, '32TPQ8752330361', 262, 1466506971),
(892, 1949170730, 12, 44.5022047, 11.3589179, '32TPQ8752330361', 74.3851, 1466506971),
(893, 1949170730, 13, 44.5022047, 11.3589179, '32TPQ8752330361', 8.37588, 1466506971),
(894, 1949170730, 6, 44.5022047, 11.3589179, '32TPQ8752330361', 1064.46, 1466506971),
(895, 1949170730, 100, 44.5019389, 11.3588327, '32TPQ8751730331', 1509, 1466506985),
(896, 1949170730, 5, 44.5019389, 11.3588327, '32TPQ8751730331', 278, 1466506985),
(897, 1949170730, 13, 44.5019389, 11.3588327, '32TPQ8751730331', -8.88054, 1466506985),
(898, 1949170730, 6, 44.5019389, 11.3588327, '32TPQ8751730331', 1064.46, 1466506985),
(899, 1949170730, 12, 44.5019389, 11.3588327, '32TPQ8751730331', 74.3851, 1466506985),
(900, 1949170730, 100, 44.5018498, 11.3587822, '32TPQ8751330321', 2891, 1466507021),
(901, 1949170730, 5, 44.5018498, 11.3587822, '32TPQ8751330321', 271, 1466507021),
(902, 1949170730, 13, 44.5018498, 11.3587822, '32TPQ8751330321', 33.5578, 1466507021),
(903, 1949170730, 6, 44.5018498, 11.3587822, '32TPQ8751330321', 1064.46, 1466507021),
(904, 1949170730, 12, 44.5018498, 11.3587822, '32TPQ8751330321', 42.0315, 1466507021),
(905, 1949170730, 100, 44.5023055, 11.3588523, '32TPQ8751730372', 1217, 1466507178),
(906, 1949170730, 5, 44.5023055, 11.3588523, '32TPQ8751730372', 174, 1466507179),
(907, 1949170730, 13, 44.5023055, 11.3588523, '32TPQ8751730372', -14.4337, 1466507179),
(908, 1949170730, 12, 44.5023055, 11.3588523, '32TPQ8751730372', 37.4757, 1466507179),
(909, 1949170730, 6, 44.5023055, 11.3588523, '32TPQ8751730372', 963.356, 1466507179),
(910, 1949170730, 100, 44.5023055, 11.3588523, '32TPQ8751730372', 1217, 1466507181),
(911, 1949170730, 5, 44.5023055, 11.3588523, '32TPQ8751730372', 139, 1466507181),
(912, 1949170730, 13, 44.5023055, 11.3588523, '32TPQ8751730372', -14.4337, 1466507181),
(913, 1949170730, 12, 44.5023055, 11.3588523, '32TPQ8751730372', 37.4757, 1466507181),
(914, 1949170730, 6, 44.5023055, 11.3588523, '32TPQ8751730372', 963.356, 1466507181),
(915, 1949170730, 100, 44.5017176, 11.3586816, '32TPQ8750530306', 1278, 1466507286),
(916, 1949170730, 5, 44.5017176, 11.3586816, '32TPQ8750530306', 72, 1466507286),
(917, 1949170730, 13, 44.5017176, 11.3586816, '32TPQ8750530306', 9.68461, 1466507286),
(918, 1949170730, 12, 44.5017176, 11.3586816, '32TPQ8750530306', 84.3669, 1466507286),
(919, 1949170730, 6, 44.5017176, 11.3586816, '32TPQ8750530306', 986.483, 1466507286),
(920, 1949170730, 13, 44.5014613, 11.3585915, '32TPQ8749930277', 1.01028, 1466507537),
(921, 1949170730, 100, 44.501978, 11.3588363, '32TPQ8751730335', 472, 1466507538),
(922, 1949170730, 5, 44.501978, 11.3588363, '32TPQ8751730335', 274, 1466507538),
(923, 1949170730, 13, 44.501978, 11.3588363, '32TPQ8751730335', -6.17842, 1466507538),
(924, 1949170730, 12, 44.501978, 11.3588363, '32TPQ8751730335', 64.8201, 1466507538),
(925, 1949170730, 6, 44.501978, 11.3588363, '32TPQ8751730335', 877.349, 1466507538),
(926, 1949170730, 12, 44.5014613, 11.3585915, '32TPQ8749930277', 64.8201, 1466507540),
(927, 1949170730, 100, 44.5014613, 11.3585915, '32TPQ8749930277', 2012, 1466507543),
(928, 1949170730, 6, 44.5014613, 11.3585915, '32TPQ8749930277', 979.31, 1466507543),
(929, 1949170730, 5, 44.5014613, 11.3585915, '32TPQ8749930277', 269, 1466507544),
(930, 1949170730, 100, 44.5106136, 11.3485838, '32TPQ8667431271', 154, 1467013936),
(931, 1949170730, 5, 44.5106136, 11.3485838, '32TPQ8667431271', 15, 1467013936),
(932, 1949170730, 13, 44.5106136, 11.3485838, '32TPQ8667431271', 33.8149, 1467013936),
(933, 1949170730, 12, 44.5106136, 11.3485838, '32TPQ8667431271', 86.7872, 1467013936),
(934, 1949170730, 6, 44.5106136, 11.3485838, '32TPQ8667431271', 934.855, 1467013936),
(935, 1949170730, 100, -1, -1, '30MYD2256289402', 1453, 1467288043),
(936, 1949170730, 5, -1, -1, '30MYD2256289402', 338, 1467288043),
(937, 1949170730, 13, -1, -1, '30MYD2256289402', 0.879034, 1467288043),
(938, 1949170730, 12, -1, -1, '30MYD2256289402', 99.3253, 1467288043),
(939, 1949170730, 6, -1, -1, '30MYD2256289402', 1069.95, 1467288043),
(940, 1949170730, 100, 44.4992479, 11.3521761, '32TPQ8699630017', 1453, 1467288046),
(941, 1949170730, 5, 44.4992479, 11.3521761, '32TPQ8699630017', 338, 1467288047),
(942, 1949170730, 13, 44.4992479, 11.3521761, '32TPQ8699630017', 0.879034, 1467288047),
(943, 1949170730, 12, 44.4992479, 11.3521761, '32TPQ8699630017', 99.3253, 1467288047),
(944, 1949170730, 6, 44.4992479, 11.3521761, '32TPQ8699630017', 1069.95, 1467288047),
(945, 1949170730, 13, 44.5014963, 11.3445432, '32TPQ8638230249', 31.4984, 1467289013),
(946, 1949170730, 12, 44.5014963, 11.3445432, '32TPQ8638230249', 31.8724, 1467289013),
(947, 1949170730, 100, 44.5014963, 11.3445432, '32TPQ8638230249', 6358, 1467289013),
(948, 1949170730, 6, 44.5106636, 11.3489724, '32TPQ8670531277', 1017.6, 1467289494),
(949, 1949170730, 12, 44.5105345, 11.348718, '32TPQ8668531263', 73.5901, 1467309005),
(950, 1949170730, 13, 44.5105345, 11.348718, '32TPQ8668531263', 5.84323, 1467309005),
(951, 1949170730, 100, 44.5105345, 11.348718, '32TPQ8668531263', 601, 1467309005),
(952, 1949170730, 5, 44.5105345, 11.348718, '32TPQ8668531263', -1, 1467309005),
(953, 1949170730, 6, 44.5105345, 11.348718, '32TPQ8668531263', 902.288, 1467309006),
(954, 1949170730, 100, 44.5106134, 11.3489509, '32TPQ8670331272', 603, 1467309659),
(955, 1949170730, 5, 44.5106134, 11.3489509, '32TPQ8670331272', 2, 1467309659),
(956, 1949170730, 13, 44.5106134, 11.3489509, '32TPQ8670331272', 7.10132, 1467309659),
(957, 1949170730, 12, 44.5106134, 11.3489509, '32TPQ8670331272', 59.3248, 1467309659),
(958, 1949170730, 6, 44.5106134, 11.3489509, '32TPQ8670331272', 908.458, 1467309659),
(959, 1949170730, 100, 44.5105868, 11.3488212, '32TPQ8669331269', 603, 1467309674),
(960, 1949170730, 5, 44.5105868, 11.3488212, '32TPQ8669331269', 2, 1467309675),
(961, 1949170730, 13, 44.5105868, 11.3488212, '32TPQ8669331269', 7.10132, 1467309675),
(962, 1949170730, 12, 44.5105868, 11.3488212, '32TPQ8669331269', 59.3248, 1467309675),
(963, 1949170730, 6, 44.5105868, 11.3488212, '32TPQ8669331269', 908.458, 1467309675),
(964, 1949170730, 100, 44.5105868, 11.3488212, '32TPQ8669331269', 603, 1467309699),
(965, 1949170730, 5, 44.5105868, 11.3488212, '32TPQ8669331269', 2, 1467309699),
(966, 1949170730, 13, 44.5105868, 11.3488212, '32TPQ8669331269', 7.10132, 1467309699),
(967, 1949170730, 12, 44.5105868, 11.3488212, '32TPQ8669331269', 59.3248, 1467309699),
(968, 1949170730, 6, 44.5105868, 11.3488212, '32TPQ8669331269', 908.458, 1467309699),
(969, 1949170730, 100, 44.5105868, 11.3488212, '32TPQ8669331269', 615, 1467309714),
(970, 1949170730, 5, 44.5105868, 11.3488212, '32TPQ8669331269', 2, 1467309714),
(971, 1949170730, 13, 44.5105868, 11.3488212, '32TPQ8669331269', 2.38228, 1467309714),
(972, 1949170730, 12, 44.5105868, 11.3488212, '32TPQ8669331269', 66.0921, 1467309714),
(973, 1949170730, 6, 44.5105868, 11.3488212, '32TPQ8669331269', 992.17, 1467309714),
(974, 1949170730, 100, 44.5105868, 11.3488212, '32TPQ8669331269', 829, 1467310125),
(975, 1949170730, 5, 44.5105868, 11.3488212, '32TPQ8669331269', 0, 1467310125),
(976, 1949170730, 13, 44.5105868, 11.3488212, '32TPQ8669331269', 2.67048, 1467310125),
(977, 1949170730, 12, 44.5105868, 11.3488212, '32TPQ8669331269', 63.0155, 1467310125),
(978, 1949170730, 6, 44.5105868, 11.3488212, '32TPQ8669331269', 963.529, 1467310125),
(979, 1949170730, 100, 44.5106239, 11.3490562, '32TPQ8671231273', 829, 1467310181),
(980, 1949170730, 5, 44.5106239, 11.3490562, '32TPQ8671231273', 2, 1467310181),
(981, 1949170730, 13, 44.5106239, 11.3490562, '32TPQ8671231273', 2.67048, 1467310181),
(982, 1949170730, 12, 44.5106239, 11.3490562, '32TPQ8671231273', 63.0155, 1467310181),
(983, 1949170730, 6, 44.5106239, 11.3490562, '32TPQ8671231273', 963.529, 1467310181),
(984, 1949170730, 100, 44.5105937, 11.348868, '32TPQ8669731269', 3139, 1467310610),
(985, 1949170730, 5, 44.5105937, 11.348868, '32TPQ8669731269', 4, 1467310610),
(986, 1949170730, 13, 44.5105937, 11.348868, '32TPQ8669731269', 29.7965, 1467310610),
(987, 1949170730, 12, 44.5105937, 11.348868, '32TPQ8669731269', 85.7767, 1467310610),
(988, 1949170730, 6, 44.5105937, 11.348868, '32TPQ8669731269', 1023.69, 1467310610),
(989, 1949170730, 100, 44.5106301, 11.3490375, '32TPQ8671031274', 1097, 1467310782),
(990, 1949170730, 5, 44.5106301, 11.3490375, '32TPQ8671031274', 2, 1467310782),
(991, 1949170730, 13, 44.5106301, 11.3490375, '32TPQ8671031274', -10.111, 1467310782),
(992, 1949170730, 12, 44.5106301, 11.3490375, '32TPQ8671031274', 49.1109, 1467310782),
(993, 1949170730, 6, 44.5106301, 11.3490375, '32TPQ8671031274', 956.302, 1467310782),
(994, 1949170730, 100, 44.5106301, 11.3490375, '32TPQ8671031274', 810, 1467310851),
(995, 1949170730, 5, 44.5106301, 11.3490375, '32TPQ8671031274', 2, 1467310852),
(996, 1949170730, 13, 44.5106301, 11.3490375, '32TPQ8671031274', 22.65, 1467310852),
(997, 1949170730, 12, 44.5106301, 11.3490375, '32TPQ8671031274', 84.7187, 1467310852),
(998, 1949170730, 6, 44.5106301, 11.3490375, '32TPQ8671031274', 908.292, 1467310852),
(999, 1949170730, 100, 44.5093632, 11.34954, '32TPQ8675431134', 631, 1467311851),
(1000, 1949170730, 12, 44.5093632, 11.34954, '32TPQ8675431134', 43.1979, 1467311851),
(1001, 1949170730, 13, 44.5093632, 11.34954, '32TPQ8675431134', -2.57312, 1467311851),
(1002, 1949170730, 100, 44.5106272, 11.3490806, '32TPQ8671431274', 718, 1467312218),
(1003, 1949170730, 5, 44.5106272, 11.3490806, '32TPQ8671431274', 2, 1467312218),
(1004, 1949170730, 13, 44.5106272, 11.3490806, '32TPQ8671431274', 6.71802, 1467312218),
(1005, 1949170730, 12, 44.5106272, 11.3490806, '32TPQ8671431274', 64.929, 1467312218),
(1006, 1949170730, 6, 44.5106272, 11.3490806, '32TPQ8671431274', 1037.96, 1467312218),
(1007, 1949170730, 100, 44.5105716, 11.3486479, '32TPQ8667931266', 394, 1467313115),
(1008, 1949170730, 5, 44.5105716, 11.3486479, '32TPQ8667931266', 2, 1467313115),
(1009, 1949170730, 13, 44.5105716, 11.3486479, '32TPQ8667931266', -0.239916, 1467313115),
(1010, 1949170730, 12, 44.5105716, 11.3486479, '32TPQ8667931266', 37.6121, 1467313115),
(1011, 1949170730, 6, 44.5105716, 11.3486479, '32TPQ8667931266', 1020.2, 1467313115),
(1012, 1949170730, 100, 44.5105987, 11.3487739, '32TPQ8668931270', 394, 1467313131),
(1013, 1949170730, 5, 44.5105987, 11.3487739, '32TPQ8668931270', 4, 1467313132),
(1014, 1949170730, 13, 44.5105987, 11.3487739, '32TPQ8668931270', -0.239916, 1467313132),
(1015, 1949170730, 12, 44.5105987, 11.3487739, '32TPQ8668931270', 37.6121, 1467313132),
(1016, 1949170730, 6, 44.5105987, 11.3487739, '32TPQ8668931270', 1020.2, 1467313132),
(1017, 1949170730, 5, 44.5106287, 11.3490159, '32TPQ8670931274', 4, 1467313292),
(1018, 1949170730, 100, 44.5106287, 11.3490159, '32TPQ8670931274', 258, 1467313292),
(1019, 1949170730, 13, 44.5106287, 11.3490159, '32TPQ8670931274', -6.94029, 1467313292),
(1020, 1949170730, 12, 44.5106287, 11.3490159, '32TPQ8670931274', 97.3379, 1467313292),
(1021, 1949170730, 6, 44.5106287, 11.3490159, '32TPQ8670931274', 936.219, 1467313292),
(1022, 1949170730, 12, 44.5106897, 11.3490739, '32TPQ8671331281', 54.5292, 1467314297),
(1023, 1949170730, 13, 44.5106897, 11.3490739, '32TPQ8671331281', -11.1868, 1467314297),
(1024, 1949170730, 100, 44.5106897, 11.3490739, '32TPQ8671331281', 615, 1467314298),
(1025, 1949170730, 5, 44.51195, 11.3557546, '32TPQ8724031436', 2, 1467315099),
(1026, 1949170730, 100, -1, -1, '30MYD2256289402', -1, 1467315132),
(1027, 1949170730, 5, -1, -1, '30MYD2256289402', -1, 1467315132),
(1028, 1949170730, 13, -1, -1, '30MYD2256289402', -14.6377, 1467315132),
(1029, 1949170730, 12, -1, -1, '30MYD2256289402', 59.8731, 1467315132),
(1030, 1949170730, 6, -1, -1, '30MYD2256289402', 933.301, 1467315132),
(1031, 1949170730, 100, 44.5106511, 11.3490808, '32TPQ8671431276', 488, 1467315137),
(1032, 1949170730, 5, 44.5106511, 11.3490808, '32TPQ8671431276', -1, 1467315137),
(1033, 1949170730, 13, 44.5106511, 11.3490808, '32TPQ8671431276', -14.6377, 1467315137),
(1034, 1949170730, 12, 44.5106511, 11.3490808, '32TPQ8671431276', 59.8731, 1467315137),
(1035, 1949170730, 6, 44.5106511, 11.3490808, '32TPQ8671431276', 933.301, 1467315137),
(1036, 1949170730, 100, 44.5096081, 11.350008, '32TPQ8679131163', 394, 1467316136),
(1037, 1949170730, 13, 44.5096081, 11.350008, '32TPQ8679131163', 4.97139, 1467316137),
(1038, 1949170730, 12, 44.5096081, 11.350008, '32TPQ8679131163', 46.6546, 1467316137),
(1039, 1949170730, 5, 44.5114388, 11.346307, '32TPQ8649131357', 8, 1467316943),
(1040, 1949170730, 100, 44.5114388, 11.346307, '32TPQ8649131357', 302, 1467317135),
(1041, 1949170730, 13, 44.5114388, 11.346307, '32TPQ8649131357', 20.6251, 1467317136),
(1042, 1949170730, 12, 44.5114388, 11.346307, '32TPQ8649131357', 46.0878, 1467317136),
(1043, 1949170730, 100, 44.5114388, 11.346307, '32TPQ8649131357', 636, 1467318134),
(1044, 1949170730, 13, 44.5114388, 11.346307, '32TPQ8649131357', -12.4401, 1467318135),
(1045, 1949170730, 12, 44.5114388, 11.346307, '32TPQ8649131357', 75.2756, 1467318135),
(1046, 1949170730, 100, 44.5114388, 11.346307, '32TPQ8649131357', 593, 1467318449),
(1047, 1949170730, 5, 44.5114388, 11.346307, '32TPQ8649131357', 2, 1467318449),
(1048, 1949170730, 13, 44.5114388, 11.346307, '32TPQ8649131357', 40.8511, 1467318449),
(1049, 1949170730, 12, 44.5114388, 11.346307, '32TPQ8649131357', 96.2944, 1467318449),
(1050, 1949170730, 6, 44.5114388, 11.346307, '32TPQ8649131357', 960.063, 1467318449),
(1051, 1949170730, 100, 44.5106345, 11.3490119, '32TPQ8670831274', 277, 1467322284),
(1052, 1949170730, 5, 44.5106345, 11.3490119, '32TPQ8670831274', 0, 1467322284),
(1053, 1949170730, 13, 44.5106345, 11.3490119, '32TPQ8670831274', 0.477819, 1467322284),
(1054, 1949170730, 12, 44.5106345, 11.3490119, '32TPQ8670831274', 83.8589, 1467322284),
(1055, 1949170730, 6, 44.5106345, 11.3490119, '32TPQ8670831274', 884.274, 1467322284),
(1056, 1949170730, 100, 44.5105417, 11.3485871, '32TPQ8667531263', 474, 1467323283),
(1057, 1949170730, 13, 44.5105417, 11.3485871, '32TPQ8667531263', -7.69476, 1467323283),
(1058, 1949170730, 12, 44.5105417, 11.3485871, '32TPQ8667531263', 45.4667, 1467323283),
(1059, 1949170730, 5, 44.5093632, 11.34954, '32TPQ8675431134', 0, 1467324084),
(1060, 1949170730, 13, 44.5093632, 11.34954, '32TPQ8675431134', 28.8315, 1467324282),
(1061, 1949170730, 12, 44.5093632, 11.34954, '32TPQ8675431134', 75.3814, 1467324282),
(1062, 1949170730, 100, 44.5105774, 11.3485674, '32TPQ8667331267', 1270, 1467325011),
(1063, 1949170730, 12, 44.5105774, 11.3485674, '32TPQ8667331267', 89.9495, 1467325312),
(1064, 1949170730, 13, 44.5105774, 11.3485674, '32TPQ8667331267', 27.6161, 1467325312),
(1065, 1949170730, 5, 44.5105774, 11.3485674, '32TPQ8667331267', 0, 1467325913),
(1066, 1949170730, 12, 44.5105774, 11.3485674, '32TPQ8667331267', 72.3717, 1467326311),
(1067, 1949170730, 13, 44.5105774, 11.3485674, '32TPQ8667331267', 2.79945, 1467326311),
(1068, 1949170730, 100, 44.5105659, 11.3485388, '32TPQ8667131266', 968, 1467326812),
(1069, 1949170730, 12, 44.5106414, 11.348793, '32TPQ8669131275', 82.7573, 1467327411),
(1070, 1949170730, 13, 44.5106414, 11.348793, '32TPQ8669131275', 0.650124, 1467327411),
(1071, 1949170730, 5, 44.5106414, 11.348793, '32TPQ8669131275', 0, 1467327711),
(1072, 1949170730, 12, 44.5106414, 11.348793, '32TPQ8669131275', 97.2082, 1467328311),
(1073, 1949170730, 13, 44.5106414, 11.348793, '32TPQ8669131275', 5.27373, 1467328311),
(1074, 1949170730, 100, 44.5106414, 11.348793, '32TPQ8669131275', 480, 1467328611),
(1075, 1949170730, 12, 44.5106414, 11.348793, '32TPQ8669131275', 50.0667, 1467329211),
(1076, 1949170730, 13, 44.5106414, 11.348793, '32TPQ8669131275', 2.73816, 1467329211),
(1077, 1949170730, 5, 44.5106414, 11.348793, '32TPQ8669131275', 0, 1467329511),
(1078, 1949170730, 6, 44.5106414, 11.348793, '32TPQ8669131275', 1012.41, 1467329511),
(1079, 1949170730, 13, 44.5106414, 11.348793, '32TPQ8669131275', 20.2673, 1467330411),
(1080, 1949170730, 100, 44.5106414, 11.348793, '32TPQ8669131275', 511, 1467330411),
(1081, 1949170730, 12, 44.5106414, 11.348793, '32TPQ8669131275', 34.3037, 1467330411),
(1082, 1949170730, 100, 44.5106812, 11.3490937, '32TPQ8671531280', 217, 1467382202),
(1083, 1949170730, 5, 44.5106812, 11.3490937, '32TPQ8671531280', 6, 1467382202),
(1084, 1949170730, 13, 44.5106812, 11.3490937, '32TPQ8671531280', 12.9535, 1467382202),
(1085, 1949170730, 12, 44.5106812, 11.3490937, '32TPQ8671531280', 91.3645, 1467382202),
(1086, 1949170730, 6, 44.5106812, 11.3490937, '32TPQ8671531280', 985.619, 1467382202),
(1087, 1949170730, 13, 44.5106812, 11.3490937, '32TPQ8671531280', 31.1249, 1467383511),
(1088, 1949170730, 100, 44.5106812, 11.3490937, '32TPQ8671531280', 220, 1467383511),
(1089, 1949170730, 12, 44.5106812, 11.3490937, '32TPQ8671531280', 78.5505, 1467383511),
(1090, 1949170730, 5, 44.5106812, 11.3490937, '32TPQ8671531280', 6, 1467384112),
(1091, 1949170730, 100, 44.5106222, 11.3491135, '32TPQ8671631273', 213, 1467384408),
(1092, 1949170730, 5, 44.5106222, 11.3491135, '32TPQ8671631273', 6, 1467384408),
(1093, 1949170730, 13, 44.5106222, 11.3491135, '32TPQ8671631273', -11.0961, 1467384408),
(1094, 1949170730, 12, 44.5106222, 11.3491135, '32TPQ8671631273', 59.1476, 1467384408),
(1095, 1949170730, 6, 44.5106222, 11.3491135, '32TPQ8671631273', 914.244, 1467384408),
(1096, 1949170730, 12, 44.5106222, 11.3491135, '32TPQ8671631273', 59.1476, 1467384411),
(1097, 1949170730, 100, 44.5106222, 11.3491135, '32TPQ8671631273', 213, 1467384411),
(1098, 1949170730, 13, 44.5106222, 11.3491135, '32TPQ8671631273', -11.0961, 1467384411),
(1099, 1949170730, 100, 44.5106238, 11.3490787, '32TPQ8671431273', 652, 1467385412),
(1100, 1949170730, 13, 44.5106238, 11.3490787, '32TPQ8671431273', 35.6551, 1467385414),
(1101, 1949170730, 12, 44.5106238, 11.3490787, '32TPQ8671431273', 71.435, 1467385414),
(1102, 1949170730, 5, 44.5096438, 11.3496526, '32TPQ8676231166', 6, 1467386217),
(1103, 1949170730, 100, 44.5096438, 11.3496526, '32TPQ8676231166', 472, 1467386432),
(1104, 1949170730, 12, 44.5096438, 11.3496526, '32TPQ8676231166', 62.1204, 1467386433),
(1105, 1949170730, 13, 44.5096438, 11.3496526, '32TPQ8676231166', -16.322, 1467386433),
(1106, 1949170730, 100, 44.5106557, 11.3490267, '32TPQ8670931277', 483, 1467387218),
(1107, 1949170730, 5, 44.5106557, 11.3490267, '32TPQ8670931277', 4, 1467387260),
(1108, 1949170730, 13, 44.5106557, 11.3490267, '32TPQ8670931277', 18.7446, 1467387271),
(1109, 1949170730, 12, 44.5106557, 11.3490267, '32TPQ8670931277', 58.1134, 1467387272),
(1110, 1949170730, 6, 44.5106557, 11.3490267, '32TPQ8670931277', 912.224, 1467387273),
(1111, 1949170730, 100, 44.5106544, 11.3490533, '32TPQ8671131277', 233, 1467387526),
(1112, 1949170730, 5, 44.5106544, 11.3490533, '32TPQ8671131277', 6, 1467387526),
(1113, 1949170730, 12, 44.5106544, 11.3490533, '32TPQ8671131277', 80.3679, 1467387526),
(1114, 1949170730, 6, 44.5106544, 11.3490533, '32TPQ8671131277', 1015.71, 1467387526),
(1115, 1949170730, 13, 44.5106544, 11.3490533, '32TPQ8671131277', 23.6064, 1467387526),
(1116, 1949170730, 100, 44.5106407, 11.3489276, '32TPQ8670131275', 382, 1467387715),
(1117, 1949170730, 5, 44.5106407, 11.3489276, '32TPQ8670131275', 8, 1467387715),
(1118, 1949170730, 13, 44.5106407, 11.3489276, '32TPQ8670131275', -1.99958, 1467387715),
(1119, 1949170730, 12, 44.5106407, 11.3489276, '32TPQ8670131275', 67.1468, 1467387715),
(1120, 1949170730, 6, 44.5106407, 11.3489276, '32TPQ8670131275', 1027.02, 1467387715),
(1121, 1949170730, 100, 44.5106407, 11.3489276, '32TPQ8670131275', 382, 1467387739),
(1122, 1949170730, 5, 44.5106407, 11.3489276, '32TPQ8670131275', 6, 1467387739),
(1123, 1949170730, 13, 44.5106407, 11.3489276, '32TPQ8670131275', -1.99958, 1467387739),
(1124, 1949170730, 12, 44.5106407, 11.3489276, '32TPQ8670131275', 67.1468, 1467387739),
(1125, 1949170730, 6, 44.5106407, 11.3489276, '32TPQ8670131275', 885.476, 1467387739),
(1126, 1949170730, 100, 44.5106521, 11.3490289, '32TPQ8670931276', 625, 1467387834),
(1127, 1949170730, 5, 44.5106521, 11.3490289, '32TPQ8670931276', 4, 1467387834),
(1128, 1949170730, 13, 44.5106521, 11.3490289, '32TPQ8670931276', 24.6567, 1467387834),
(1129, 1949170730, 12, 44.5106521, 11.3490289, '32TPQ8670931276', 34.0559, 1467387834),
(1130, 1949170730, 6, 44.5106521, 11.3490289, '32TPQ8670931276', 1068.39, 1467387834),
(1131, 1949170730, 12, 44.5106521, 11.3490289, '32TPQ8670931276', 34.0559, 1467387841),
(1132, 1949170730, 6, 44.5106521, 11.3490289, '32TPQ8670931276', 1068.39, 1467387841),
(1133, 1949170730, 100, 44.5106521, 11.3490289, '32TPQ8670931276', 625, 1467387843),
(1134, 1949170730, 5, 44.5106521, 11.3490289, '32TPQ8670931276', 4, 1467387844),
(1135, 1949170730, 13, 44.5106521, 11.3490289, '32TPQ8670931276', 24.6567, 1467387844),
(1136, 1949170730, 100, 44.5106521, 11.3490289, '32TPQ8670931276', 625, 1467387844),
(1137, 1949170730, 5, 44.5106521, 11.3490289, '32TPQ8670931276', 4, 1467387844),
(1138, 1949170730, 13, 44.5106521, 11.3490289, '32TPQ8670931276', 24.6567, 1467387844),
(1139, 1949170730, 12, 44.5106521, 11.3490289, '32TPQ8670931276', 34.0559, 1467387844),
(1140, 1949170730, 6, 44.5106521, 11.3490289, '32TPQ8670931276', 1068.39, 1467387844),
(1141, 1949170730, 100, 44.5106521, 11.3490289, '32TPQ8670931276', 625, 1467387910),
(1142, 1949170730, 12, 44.5106521, 11.3490289, '32TPQ8670931276', 34.0559, 1467387910),
(1143, 1949170730, 5, 44.5106521, 11.3490289, '32TPQ8670931276', 4, 1467387910),
(1144, 1949170730, 13, 44.5106521, 11.3490289, '32TPQ8670931276', 24.6567, 1467387910),
(1145, 1949170730, 6, 44.5106521, 11.3490289, '32TPQ8670931276', 1068.39, 1467387910),
(1146, 1949170730, 100, 44.5106521, 11.3490289, '32TPQ8670931276', 625, 1467387977),
(1147, 1949170730, 5, 44.5106521, 11.3490289, '32TPQ8670931276', 4, 1467387977),
(1148, 1949170730, 13, 44.5106521, 11.3490289, '32TPQ8670931276', 24.6567, 1467387977),
(1149, 1949170730, 12, 44.5106521, 11.3490289, '32TPQ8670931276', 34.0559, 1467387977),
(1150, 1949170730, 6, 44.5106521, 11.3490289, '32TPQ8670931276', 1068.39, 1467387977),
(1151, 1949170730, 5, 44.5106521, 11.3490289, '32TPQ8670931276', 4, 1467388054),
(1152, 1949170730, 100, 44.5106521, 11.3490289, '32TPQ8670931276', 625, 1467388055),
(1153, 1949170730, 12, 44.5106521, 11.3490289, '32TPQ8670931276', 34.0559, 1467388055),
(1154, 1949170730, 13, 44.5106521, 11.3490289, '32TPQ8670931276', 24.6567, 1467388055),
(1155, 1949170730, 6, 44.5106521, 11.3490289, '32TPQ8670931276', 1068.39, 1467388055),
(1156, 1949170730, 100, 44.5106521, 11.3490289, '32TPQ8670931276', 625, 1467388190),
(1157, 1949170730, 5, 44.5106521, 11.3490289, '32TPQ8670931276', 4, 1467388190),
(1158, 1949170730, 13, 44.5106521, 11.3490289, '32TPQ8670931276', 24.6567, 1467388190),
(1159, 1949170730, 12, 44.5106521, 11.3490289, '32TPQ8670931276', 34.0559, 1467388190),
(1160, 1949170730, 6, 44.5106521, 11.3490289, '32TPQ8670931276', 1068.39, 1467388190),
(1161, 1949170730, 100, 44.5106521, 11.3490289, '32TPQ8670931276', 625, 1467388247),
(1162, 1949170730, 5, 44.5106521, 11.3490289, '32TPQ8670931276', 4, 1467388247),
(1163, 1949170730, 13, 44.5106521, 11.3490289, '32TPQ8670931276', 24.6567, 1467388247),
(1164, 1949170730, 12, 44.5106521, 11.3490289, '32TPQ8670931276', 34.0559, 1467388247),
(1165, 1949170730, 6, 44.5106521, 11.3490289, '32TPQ8670931276', 1068.39, 1467388247),
(1166, 1949170730, 100, 44.5106521, 11.3490289, '32TPQ8670931276', 625, 1467388249),
(1167, 1949170730, 5, 44.5106521, 11.3490289, '32TPQ8670931276', 4, 1467388249),
(1168, 1949170730, 13, 44.5106521, 11.3490289, '32TPQ8670931276', 24.6567, 1467388249),
(1169, 1949170730, 12, 44.5106521, 11.3490289, '32TPQ8670931276', 34.0559, 1467388249),
(1170, 1949170730, 6, 44.5106521, 11.3490289, '32TPQ8670931276', 1068.39, 1467388249),
(1171, 1949170730, 100, 44.5106521, 11.3490289, '32TPQ8670931276', 625, 1467388251),
(1172, 1949170730, 5, 44.5106521, 11.3490289, '32TPQ8670931276', 4, 1467388251),
(1173, 1949170730, 13, 44.5106521, 11.3490289, '32TPQ8670931276', 24.6567, 1467388251),
(1174, 1949170730, 12, 44.5106521, 11.3490289, '32TPQ8670931276', 34.0559, 1467388251),
(1175, 1949170730, 6, 44.5106521, 11.3490289, '32TPQ8670931276', 1068.39, 1467388251),
(1176, 1949170730, 100, 44.5106372, 11.3491112, '32TPQ8671631275', 670, 1467388363),
(1177, 1949170730, 5, 44.5106372, 11.3491112, '32TPQ8671631275', 4, 1467388363),
(1178, 1949170730, 13, 44.5106372, 11.3491112, '32TPQ8671631275', 38.6913, 1467388363),
(1179, 1949170730, 12, 44.5106372, 11.3491112, '32TPQ8671631275', 57.9232, 1467388363),
(1180, 1949170730, 6, 44.5106372, 11.3491112, '32TPQ8671631275', 919.739, 1467388363),
(1181, 1949170730, 100, 44.5106372, 11.3491112, '32TPQ8671631275', 670, 1467388365),
(1182, 1949170730, 5, 44.5106372, 11.3491112, '32TPQ8671631275', 4, 1467388365),
(1183, 1949170730, 13, 44.5106372, 11.3491112, '32TPQ8671631275', 38.6913, 1467388365),
(1184, 1949170730, 12, 44.5106372, 11.3491112, '32TPQ8671631275', 57.9232, 1467388365),
(1185, 1949170730, 6, 44.5106372, 11.3491112, '32TPQ8671631275', 919.739, 1467388365),
(1186, 1949170730, 100, 44.5106372, 11.3491112, '32TPQ8671631275', 670, 1467388368),
(1187, 1949170730, 5, 44.5106372, 11.3491112, '32TPQ8671631275', 4, 1467388368),
(1188, 1949170730, 13, 44.5106372, 11.3491112, '32TPQ8671631275', 38.6913, 1467388368),
(1189, 1949170730, 12, 44.5106372, 11.3491112, '32TPQ8671631275', 57.9232, 1467388368),
(1190, 1949170730, 6, 44.5106372, 11.3491112, '32TPQ8671631275', 919.739, 1467388368),
(1191, 1949170730, 100, 44.5106372, 11.3491112, '32TPQ8671631275', 1108, 1467388383),
(1192, 1949170730, 5, 44.5106372, 11.3491112, '32TPQ8671631275', 4, 1467388383),
(1193, 1949170730, 13, 44.5106372, 11.3491112, '32TPQ8671631275', 38.6913, 1467388383),
(1194, 1949170730, 12, 44.5106372, 11.3491112, '32TPQ8671631275', 66.4603, 1467388383),
(1195, 1949170730, 6, 44.5106372, 11.3491112, '32TPQ8671631275', 930.752, 1467388383),
(1196, 1949170730, 5, 44.5106372, 11.3491112, '32TPQ8671631275', 4, 1467388428),
(1197, 1949170730, 100, 44.5106372, 11.3491112, '32TPQ8671631275', 273, 1467388428),
(1198, 1949170730, 13, 44.5106372, 11.3491112, '32TPQ8671631275', 15.1843, 1467388428),
(1199, 1949170730, 12, 44.5106372, 11.3491112, '32TPQ8671631275', 47.7889, 1467388428),
(1200, 1949170730, 6, 44.5106372, 11.3491112, '32TPQ8671631275', 884.288, 1467388428),
(1201, 1949170730, 100, 44.5106372, 11.3491112, '32TPQ8671631275', 273, 1467388431),
(1202, 1949170730, 5, 44.5106372, 11.3491112, '32TPQ8671631275', 4, 1467388431),
(1203, 1949170730, 13, 44.5106372, 11.3491112, '32TPQ8671631275', 15.1843, 1467388431),
(1204, 1949170730, 12, 44.5106372, 11.3491112, '32TPQ8671631275', 47.7889, 1467388431),
(1205, 1949170730, 6, 44.5106372, 11.3491112, '32TPQ8671631275', 884.288, 1467388431),
(1206, 1949170730, 100, 44.5106372, 11.3491112, '32TPQ8671631275', 273, 1467388445),
(1207, 1949170730, 5, 44.5106372, 11.3491112, '32TPQ8671631275', 4, 1467388446),
(1208, 1949170730, 13, 44.5106372, 11.3491112, '32TPQ8671631275', 15.1843, 1467388446),
(1209, 1949170730, 12, 44.5106372, 11.3491112, '32TPQ8671631275', 47.7889, 1467388446),
(1210, 1949170730, 6, 44.5106372, 11.3491112, '32TPQ8671631275', 884.288, 1467388446),
(1211, 1949170730, 100, 44.5106372, 11.3491112, '32TPQ8671631275', 273, 1467389445),
(1212, 1949170730, 13, 44.5106372, 11.3491112, '32TPQ8671631275', 15.1843, 1467389445),
(1213, 1949170730, 12, 44.5106372, 11.3491112, '32TPQ8671631275', 47.7889, 1467389445),
(1214, 1949170730, 100, 44.5106647, 11.3490914, '32TPQ8671431278', 216, 1467397704),
(1215, 1949170730, 5, 44.5106647, 11.3490914, '32TPQ8671431278', 4, 1467397704),
(1216, 1949170730, 13, 44.5106647, 11.3490914, '32TPQ8671431278', 3.27082, 1467397704),
(1217, 1949170730, 12, 44.5106647, 11.3490914, '32TPQ8671431278', 56.6598, 1467397705),
(1218, 1949170730, 6, 44.5106647, 11.3490914, '32TPQ8671431278', 1059.43, 1467397705),
(1219, 1949170730, 100, 44.5106959, 11.348964, '32TPQ8670431281', 491, 1467398811),
(1220, 1949170730, 13, 44.5106959, 11.348964, '32TPQ8670431281', 7.53643, 1467398811),
(1221, 1949170730, 12, 44.5106959, 11.348964, '32TPQ8670431281', 44.0665, 1467398811),
(1222, 1949170730, 100, 44.5106077, 11.348933, '32TPQ8670231271', 148, 1467444634),
(1223, 1949170730, 5, 44.5106077, 11.348933, '32TPQ8670231271', 8, 1467444634),
(1224, 1949170730, 13, 44.5106077, 11.348933, '32TPQ8670231271', 23.4711, 1467444634),
(1225, 1949170730, 12, 44.5106077, 11.348933, '32TPQ8670231271', 88.6504, 1467444634),
(1226, 1949170730, 6, 44.5106077, 11.348933, '32TPQ8670231271', 1001.44, 1467444634),
(1227, 1949170730, 5, 44.5105918, 11.3486482, '32TPQ8667931269', 6, 1467444638),
(1228, 1949170730, 6, 44.5105918, 11.3486482, '32TPQ8667931269', 1001.44, 1467444640),
(1229, 1949170730, 13, 44.5105918, 11.3486482, '32TPQ8667931269', 23.4711, 1467444643),
(1230, 1949170730, 100, 44.5105918, 11.3486482, '32TPQ8667931269', 148, 1467444646),
(1231, 1949170730, 12, 44.5105918, 11.3486482, '32TPQ8667931269', 88.6504, 1467444647),
(1232, 1949170730, 100, 44.5106372, 11.3491006, '32TPQ8671531275', 166, 1467445382),
(1233, 1949170730, 5, 44.5106372, 11.3491006, '32TPQ8671531275', -1, 1467445382),
(1234, 1949170730, 13, 44.5106372, 11.3491006, '32TPQ8671531275', 30.9595, 1467445382),
(1235, 1949170730, 12, 44.5106372, 11.3491006, '32TPQ8671531275', 40.4885, 1467445382),
(1236, 1949170730, 6, 44.5106372, 11.3491006, '32TPQ8671531275', 1015.07, 1467445382),
(1237, 1949170730, 100, 44.5106342, 11.3491011, '32TPQ8671531274', 221, 1467445453),
(1238, 1949170730, 5, 44.5106342, 11.3491011, '32TPQ8671531274', 11, 1467445453),
(1239, 1949170730, 13, 44.5106342, 11.3491011, '32TPQ8671531274', -10.8529, 1467445453),
(1240, 1949170730, 12, 44.5106342, 11.3491011, '32TPQ8671531274', 81.6609, 1467445453),
(1241, 1949170730, 6, 44.5106342, 11.3491011, '32TPQ8671531274', 984.892, 1467445453),
(1242, 1949170730, 100, 44.5106342, 11.3491011, '32TPQ8671531274', 221, 1467445466),
(1243, 1949170730, 5, 44.5106342, 11.3491011, '32TPQ8671531274', 11, 1467445466),
(1244, 1949170730, 13, 44.5106342, 11.3491011, '32TPQ8671531274', 15.3735, 1467445466),
(1245, 1949170730, 12, 44.5106342, 11.3491011, '32TPQ8671531274', 81.6609, 1467445466),
(1246, 1949170730, 6, 44.5106342, 11.3491011, '32TPQ8671531274', 984.892, 1467445466),
(1247, 1949170730, 100, 44.5106342, 11.3491011, '32TPQ8671531274', 221, 1467445471),
(1248, 1949170730, 5, 44.5106342, 11.3491011, '32TPQ8671531274', 13, 1467445472),
(1249, 1949170730, 12, 44.5106342, 11.3491011, '32TPQ8671531274', 81.6609, 1467445472),
(1250, 1949170730, 13, 44.5106342, 11.3491011, '32TPQ8671531274', 15.3735, 1467445472),
(1251, 1949170730, 6, 44.5106342, 11.3491011, '32TPQ8671531274', 967.967, 1467445472),
(1252, 1949170730, 100, 44.5106342, 11.3491011, '32TPQ8671531274', 221, 1467445475),
(1253, 1949170730, 5, 44.5106342, 11.3491011, '32TPQ8671531274', 13, 1467445475),
(1254, 1949170730, 13, 44.5106342, 11.3491011, '32TPQ8671531274', 15.3735, 1467445475),
(1255, 1949170730, 12, 44.5106342, 11.3491011, '32TPQ8671531274', 81.6609, 1467445475),
(1256, 1949170730, 6, 44.5106342, 11.3491011, '32TPQ8671531274', 967.967, 1467445475),
(1257, 1949170730, 100, 44.5106342, 11.3491011, '32TPQ8671531274', 221, 1467445477),
(1258, 1949170730, 5, 44.5106342, 11.3491011, '32TPQ8671531274', 13, 1467445477),
(1259, 1949170730, 13, 44.5106342, 11.3491011, '32TPQ8671531274', 15.3735, 1467445477),
(1260, 1949170730, 12, 44.5106342, 11.3491011, '32TPQ8671531274', 81.6609, 1467445477),
(1261, 1949170730, 6, 44.5106342, 11.3491011, '32TPQ8671531274', 967.967, 1467445477),
(1262, 1949170730, 100, 44.5106342, 11.3491011, '32TPQ8671531274', 126, 1467445496),
(1263, 1949170730, 5, 44.5106342, 11.3491011, '32TPQ8671531274', 11, 1467445496),
(1264, 1949170730, 13, 44.5106342, 11.3491011, '32TPQ8671531274', 15.3735, 1467445496),
(1265, 1949170730, 12, 44.5106342, 11.3491011, '32TPQ8671531274', 81.6609, 1467445496),
(1266, 1949170730, 6, 44.5106342, 11.3491011, '32TPQ8671531274', 967.967, 1467445496),
(1267, 1949170730, 100, 44.5106342, 11.3491011, '32TPQ8671531274', 126, 1467445498),
(1268, 1949170730, 5, 44.5106342, 11.3491011, '32TPQ8671531274', 11, 1467445499),
(1269, 1949170730, 13, 44.5106342, 11.3491011, '32TPQ8671531274', 4.41915, 1467445499),
(1270, 1949170730, 12, 44.5106342, 11.3491011, '32TPQ8671531274', 81.6609, 1467445499),
(1271, 1949170730, 6, 44.5106342, 11.3491011, '32TPQ8671531274', 967.967, 1467445499),
(1272, 1949170730, 100, 44.49696, 11.3561838, '32TPQ8732229772', 1008, 1467627682),
(1273, 1949170730, 13, 44.49696, 11.3561838, '32TPQ8732229772', -16.8168, 1467627682),
(1274, 1949170730, 5, 44.49696, 11.3561838, '32TPQ8732229772', -1, 1467627682),
(1275, 1949170730, 12, 44.49696, 11.3561838, '32TPQ8732229772', 83.0909, 1467627682),
(1276, 1949170730, 6, 44.49696, 11.3561838, '32TPQ8732229772', 969.783, 1467627682),
(1277, 1949170730, 100, 44.49696, 11.3561838, '32TPQ8732229772', 1003, 1467628111),
(1278, 1949170730, 5, 44.49696, 11.3561838, '32TPQ8732229772', 393, 1467628111),
(1279, 1949170730, 13, 44.49696, 11.3561838, '32TPQ8732229772', 37.8191, 1467628111),
(1280, 1949170730, 12, 44.49696, 11.3561838, '32TPQ8732229772', 67.3437, 1467628111),
(1281, 1949170730, 6, 44.49696, 11.3561838, '32TPQ8732229772', 1067.94, 1467628111),
(1282, 1949170730, 100, 44.49696, 11.3561838, '32TPQ8732229772', 5683, 1467628413),
(1283, 1949170730, 5, 44.49696, 11.3561838, '32TPQ8732229772', 316, 1467628413),
(1284, 1949170730, 13, 44.49696, 11.3561838, '32TPQ8732229772', -6.85916, 1467628413),
(1285, 1949170730, 12, 44.49696, 11.3561838, '32TPQ8732229772', 32.0003, 1467628413),
(1286, 1949170730, 6, 44.49696, 11.3561838, '32TPQ8732229772', 999.311, 1467628413),
(1287, 1949170730, 100, 44.49696, 11.3561838, '32TPQ8732229772', 3301, 1467628466),
(1288, 1949170730, 5, 44.49696, 11.3561838, '32TPQ8732229772', 57, 1467628466),
(1289, 1949170730, 13, 44.49696, 11.3561838, '32TPQ8732229772', 14.5224, 1467628466),
(1290, 1949170730, 12, 44.49696, 11.3561838, '32TPQ8732229772', 85.9268, 1467628466),
(1291, 1949170730, 6, 44.49696, 11.3561838, '32TPQ8732229772', 891.893, 1467628466),
(1292, 1949170730, 100, 44.49696, 11.3561838, '32TPQ8732229772', 3802, 1467628533),
(1293, 1949170730, 5, 44.49696, 11.3561838, '32TPQ8732229772', 246, 1467628533),
(1294, 1949170730, 13, 44.49696, 11.3561838, '32TPQ8732229772', 4.55103, 1467628533),
(1295, 1949170730, 12, 44.49696, 11.3561838, '32TPQ8732229772', 52.8586, 1467628533),
(1296, 1949170730, 6, 44.49696, 11.3561838, '32TPQ8732229772', 917.464, 1467628533),
(1297, 1949170730, 100, 44.49696, 11.3561838, '32TPQ8732229772', 369, 1467628586),
(1298, 1949170730, 5, 44.49696, 11.3561838, '32TPQ8732229772', 199, 1467628586),
(1299, 1949170730, 13, 44.49696, 11.3561838, '32TPQ8732229772', 41.9862, 1467628586),
(1300, 1949170730, 12, 44.49696, 11.3561838, '32TPQ8732229772', 82.0186, 1467628586),
(1301, 1949170730, 6, 44.49696, 11.3561838, '32TPQ8732229772', 995.296, 1467628586),
(1302, 1949170730, 100, 44.49696, 11.3561838, '32TPQ8732229772', 1147, 1467628652),
(1303, 1949170730, 5, 44.49696, 11.3561838, '32TPQ8732229772', 250, 1467628652),
(1304, 1949170730, 13, 44.49696, 11.3561838, '32TPQ8732229772', 36.3562, 1467628652),
(1305, 1949170730, 12, 44.49696, 11.3561838, '32TPQ8732229772', 33.7889, 1467628652),
(1306, 1949170730, 6, 44.49696, 11.3561838, '32TPQ8732229772', 926.917, 1467628652),
(1307, 1949170730, 100, 44.49696, 11.3561838, '32TPQ8732229772', 1147, 1467628663),
(1308, 1949170730, 5, 44.49696, 11.3561838, '32TPQ8732229772', 208, 1467628663),
(1309, 1949170730, 13, 44.49696, 11.3561838, '32TPQ8732229772', 36.3562, 1467628663),
(1310, 1949170730, 12, 44.49696, 11.3561838, '32TPQ8732229772', 91.678, 1467628663),
(1311, 1949170730, 6, 44.49696, 11.3561838, '32TPQ8732229772', 926.917, 1467628663),
(1312, 1949170730, 100, 44.49696, 11.3561838, '32TPQ8732229772', 1680, 1467628691),
(1313, 1949170730, 13, 44.49696, 11.3561838, '32TPQ8732229772', 36.3562, 1467628691),
(1314, 1949170730, 5, 44.49696, 11.3561838, '32TPQ8732229772', 372, 1467628691),
(1315, 1949170730, 12, 44.49696, 11.3561838, '32TPQ8732229772', 91.678, 1467628691),
(1316, 1949170730, 6, 44.49696, 11.3561838, '32TPQ8732229772', 976.295, 1467628692),
(1317, 1949170730, 100, 44.49696, 11.3561838, '32TPQ8732229772', 4421, 1467628700),
(1318, 1949170730, 5, 44.49696, 11.3561838, '32TPQ8732229772', 372, 1467628700),
(1319, 1949170730, 13, 44.49696, 11.3561838, '32TPQ8732229772', -11.1245, 1467628700),
(1320, 1949170730, 12, 44.49696, 11.3561838, '32TPQ8732229772', 91.678, 1467628700),
(1321, 1949170730, 6, 44.49696, 11.3561838, '32TPQ8732229772', 976.295, 1467628700),
(1322, 1949170730, 13, 44.49696, 11.3561838, '32TPQ8732229772', 10.897, 1467629810),
(1323, 1949170730, 100, 44.49696, 11.3561838, '32TPQ8732229772', 456, 1467629810),
(1324, 1949170730, 12, 44.49696, 11.3561838, '32TPQ8732229772', 47.8592, 1467629810),
(1325, 1949170730, 6, 44.49696, 11.3561838, '32TPQ8732229772', 1005.47, 1467629810),
(1326, 1949170730, 100, 44.49696, 11.3561838, '32TPQ8732229772', 7911, 1467630462),
(1327, 1949170730, 5, 44.49696, 11.3561838, '32TPQ8732229772', 1993, 1467630462),
(1328, 1949170730, 13, 44.49696, 11.3561838, '32TPQ8732229772', 28.9691, 1467630462),
(1329, 1949170730, 12, 44.49696, 11.3561838, '32TPQ8732229772', 84.4861, 1467630462),
(1330, 1949170730, 6, 44.49696, 11.3561838, '32TPQ8732229772', 1053.66, 1467630462),
(1331, 1949170730, 100, 44.5005992, 11.3452943, '32TPQ8644530151', 241, 1467633093),
(1332, 1949170730, 12, 44.5005992, 11.3452943, '32TPQ8644530151', 76.1707, 1467633093),
(1333, 1949170730, 6, 44.5005992, 11.3452943, '32TPQ8644530151', 1063, 1467633093),
(1334, 1949170730, 13, 44.5005992, 11.3452943, '32TPQ8644530151', 14.1916, 1467633093),
(1335, 1949170730, 100, 44.5106735, 11.3491244, '32TPQ8671731279', 241, 1467633101),
(1336, 1949170730, 13, 44.5106735, 11.3491244, '32TPQ8671731279', 14.1916, 1467633101),
(1337, 1949170730, 5, 44.5106735, 11.3491244, '32TPQ8671731279', 6, 1467633101),
(1338, 1949170730, 12, 44.5106735, 11.3491244, '32TPQ8671731279', 76.1707, 1467633101),
(1339, 1949170730, 6, 44.5106735, 11.3491244, '32TPQ8671731279', 1063, 1467633101),
(1340, 1949170730, 100, 44.5106542, 11.349051, '32TPQ8671131277', 395, 1467633146),
(1341, 1949170730, 5, 44.5106542, 11.349051, '32TPQ8671131277', 11, 1467633146),
(1342, 1949170730, 12, 44.5106542, 11.349051, '32TPQ8671131277', 68.6922, 1467633146),
(1343, 1949170730, 13, 44.5106542, 11.349051, '32TPQ8671131277', 41.5518, 1467633146),
(1344, 1949170730, 6, 44.5106542, 11.349051, '32TPQ8671131277', 920.064, 1467633146),
(1345, 1949170730, 100, 44.5106557, 11.3490993, '32TPQ8671531277', 314, 1467633193),
(1346, 1949170730, 5, 44.5106557, 11.3490993, '32TPQ8671531277', 11, 1467633193),
(1347, 1949170730, 13, 44.5106557, 11.3490993, '32TPQ8671531277', 4.30491, 1467633193),
(1348, 1949170730, 12, 44.5106557, 11.3490993, '32TPQ8671531277', 57.516, 1467633193),
(1349, 1949170730, 6, 44.5106557, 11.3490993, '32TPQ8671531277', 921.818, 1467633193),
(1350, 1949170730, 100, 44.5104543, 11.3488113, '32TPQ8669331254', 170, 1467633202),
(1351, 1949170730, 5, 44.5104543, 11.3488113, '32TPQ8669331254', 6, 1467633202),
(1352, 1949170730, 13, 44.5104543, 11.3488113, '32TPQ8669331254', -6.51392, 1467633202),
(1353, 1949170730, 12, 44.5104543, 11.3488113, '32TPQ8669331254', 46.5112, 1467633202),
(1354, 1949170730, 6, 44.5104543, 11.3488113, '32TPQ8669331254', 872.334, 1467633202),
(1355, 1949170730, 5, 44.5106666, 11.3491276, '32TPQ8671731278', 11, 1467633234),
(1356, 1949170730, 100, 44.5106666, 11.3491276, '32TPQ8671731278', 170, 1467633234),
(1357, 1949170730, 13, 44.5106666, 11.3491276, '32TPQ8671731278', -6.51392, 1467633234),
(1358, 1949170730, 12, 44.5106666, 11.3491276, '32TPQ8671731278', 46.5112, 1467633234),
(1359, 1949170730, 6, 44.5106666, 11.3491276, '32TPQ8671731278', 1081.46, 1467633234),
(1360, 1949170730, 100, 44.5104246, 11.3487758, '32TPQ8669031250', -1, 1467633243),
(1361, 1949170730, 5, 44.5104246, 11.3487758, '32TPQ8669031250', 6, 1467633243),
(1362, 1949170730, 13, 44.5104246, 11.3487758, '32TPQ8669031250', 18.7823, 1467633243),
(1363, 1949170730, 12, 44.5104246, 11.3487758, '32TPQ8669031250', 75.2366, 1467633243),
(1364, 1949170730, 6, 44.5104246, 11.3487758, '32TPQ8669031250', 951.823, 1467633243),
(1365, 1949170730, 100, 44.5105432, 11.3487205, '32TPQ8668531264', 137, 1467633278),
(1366, 1949170730, 5, 44.5105432, 11.3487205, '32TPQ8668531264', 6, 1467633278),
(1367, 1949170730, 13, 44.5105432, 11.3487205, '32TPQ8668531264', 18.7823, 1467633278),
(1368, 1949170730, 12, 44.5105432, 11.3487205, '32TPQ8668531264', 75.2366, 1467633278),
(1369, 1949170730, 6, 44.5105432, 11.3487205, '32TPQ8668531264', 951.823, 1467633278),
(1370, 1949170730, 100, 44.5105846, 11.3486912, '32TPQ8668331268', 104, 1467633315),
(1371, 1949170730, 5, 44.5105846, 11.3486912, '32TPQ8668331268', 6, 1467633316),
(1372, 1949170730, 13, 44.5105846, 11.3486912, '32TPQ8668331268', 33.5769, 1467633316),
(1373, 1949170730, 12, 44.5105846, 11.3486912, '32TPQ8668331268', 58.4905, 1467633316),
(1374, 1949170730, 6, 44.5105846, 11.3486912, '32TPQ8668331268', 942.368, 1467633316),
(1375, 1949170730, 100, 44.5106726, 11.3490936, '32TPQ8671531279', 104, 1467633331),
(1376, 1949170730, 5, 44.5106726, 11.3490936, '32TPQ8671531279', 8, 1467633331),
(1377, 1949170730, 13, 44.5106726, 11.3490936, '32TPQ8671531279', 33.5769, 1467633331),
(1378, 1949170730, 12, 44.5106726, 11.3490936, '32TPQ8671531279', 98.1032, 1467633331),
(1379, 1949170730, 6, 44.5106726, 11.3490936, '32TPQ8671531279', 942.368, 1467633331),
(1380, 1949170730, 100, 44.5106726, 11.3490936, '32TPQ8671531279', 104, 1467633336),
(1381, 1949170730, 5, 44.5106726, 11.3490936, '32TPQ8671531279', 8, 1467633336),
(1382, 1949170730, 13, 44.5106726, 11.3490936, '32TPQ8671531279', 4.75742, 1467633336),
(1383, 1949170730, 12, 44.5106726, 11.3490936, '32TPQ8671531279', 98.1032, 1467633336),
(1384, 1949170730, 6, 44.5106726, 11.3490936, '32TPQ8671531279', 942.368, 1467633336),
(1385, 1949170730, 100, 44.5106726, 11.3490936, '32TPQ8671531279', 119, 1467633345),
(1386, 1949170730, 5, 44.5106726, 11.3490936, '32TPQ8671531279', 8, 1467633345),
(1387, 1949170730, 13, 44.5106726, 11.3490936, '32TPQ8671531279', 4.75742, 1467633345),
(1388, 1949170730, 12, 44.5106726, 11.3490936, '32TPQ8671531279', 98.1032, 1467633345),
(1389, 1949170730, 6, 44.5106726, 11.3490936, '32TPQ8671531279', 942.368, 1467633345),
(1390, 1949170730, 100, 44.51058, 11.3485172, '32TPQ8666931267', 119, 1467633374),
(1391, 1949170730, 5, 44.51058, 11.3485172, '32TPQ8666931267', 4, 1467633374),
(1392, 1949170730, 13, 44.51058, 11.3485172, '32TPQ8666931267', 4.75742, 1467633374),
(1393, 1949170730, 12, 44.51058, 11.3485172, '32TPQ8666931267', 78.8376, 1467633374),
(1394, 1949170730, 6, 44.51058, 11.3485172, '32TPQ8666931267', 872.226, 1467633374),
(1395, 1949170730, 13, 44.510547, 11.3484766, '32TPQ8666631263', 20.0283, 1467634310),
(1396, 1949170730, 12, 44.510547, 11.3484766, '32TPQ8666631263', 58.8451, 1467634310),
(1397, 1949170730, 100, 44.510547, 11.3484766, '32TPQ8666631263', 152, 1467634310),
(1398, 1949170730, 6, 44.510547, 11.3484766, '32TPQ8666631263', 1051.45, 1467634310),
(1399, 1949170730, 100, 44.5105771, 11.3485944, '32TPQ8667531267', 698, 1467634518),
(1400, 1949170730, 5, 44.5105771, 11.3485944, '32TPQ8667531267', 11, 1467634518),
(1401, 1949170730, 13, 44.5105771, 11.3485944, '32TPQ8667531267', 39.9685, 1467634518),
(1402, 1949170730, 12, 44.5105771, 11.3485944, '32TPQ8667531267', 98.4282, 1467634518),
(1403, 1949170730, 6, 44.5105771, 11.3485944, '32TPQ8667531267', 942.847, 1467634518),
(1404, 1949170730, 100, 44.5105771, 11.3485944, '32TPQ8667531267', 137, 1467634590),
(1405, 1949170730, 5, 44.5105771, 11.3485944, '32TPQ8667531267', 11, 1467634590),
(1406, 1949170730, 13, 44.5105771, 11.3485944, '32TPQ8667531267', -14.4687, 1467634590),
(1407, 1949170730, 12, 44.5105771, 11.3485944, '32TPQ8667531267', 62.6349, 1467634590),
(1408, 1949170730, 6, 44.5105771, 11.3485944, '32TPQ8667531267', 1063.62, 1467634590),
(1409, 1949170730, 100, 44.5105771, 11.3485944, '32TPQ8667531267', 1542, 1467634614),
(1410, 1949170730, 5, 44.5105771, 11.3485944, '32TPQ8667531267', 11, 1467634614),
(1411, 1949170730, 13, 44.5105771, 11.3485944, '32TPQ8667531267', 18.7318, 1467634614),
(1412, 1949170730, 12, 44.5105771, 11.3485944, '32TPQ8667531267', 65.045, 1467634614),
(1413, 1949170730, 6, 44.5105771, 11.3485944, '32TPQ8667531267', 1063.62, 1467634614),
(1414, 1949170730, 100, 44.5105771, 11.3485944, '32TPQ8667531267', 182, 1467634694),
(1415, 1949170730, 5, 44.5105771, 11.3485944, '32TPQ8667531267', 11, 1467634694),
(1416, 1949170730, 13, 44.5105771, 11.3485944, '32TPQ8667531267', 2.42065, 1467634694),
(1417, 1949170730, 12, 44.5105771, 11.3485944, '32TPQ8667531267', 53.9251, 1467634694),
(1418, 1949170730, 6, 44.5105771, 11.3485944, '32TPQ8667531267', 908.114, 1467634694),
(1419, 1949170730, 100, -1, -1, '30MYD2256289402', -1, 1467634748),
(1420, 1949170730, 5, -1, -1, '30MYD2256289402', 13, 1467634748),
(1421, 1949170730, 13, -1, -1, '30MYD2256289402', 8.67652, 1467634748),
(1422, 1949170730, 12, -1, -1, '30MYD2256289402', 86.5544, 1467634748),
(1423, 1949170730, 6, -1, -1, '30MYD2256289402', 1028.42, 1467634748);
INSERT INTO `all_sensor_data` (`id`, `user`, `type`, `latitude`, `longitude`, `mgrs`, `value`, `timestamp`) VALUES
(1424, 1949170730, 100, 44.5105402, 11.3485192, '32TPQ8666931263', 234, 1467634771),
(1425, 1949170730, 5, 44.5105402, 11.3485192, '32TPQ8666931263', 8, 1467634771),
(1426, 1949170730, 13, 44.5105402, 11.3485192, '32TPQ8666931263', 0.634489, 1467634771),
(1427, 1949170730, 12, 44.5105402, 11.3485192, '32TPQ8666931263', 48.2742, 1467634771),
(1428, 1949170730, 6, 44.5105402, 11.3485192, '32TPQ8666931263', 1028.42, 1467634771),
(1429, 1949170730, 100, 44.5105562, 11.3486473, '32TPQ8667931265', 730, 1467634788),
(1430, 1949170730, 5, 44.5105562, 11.3486473, '32TPQ8667931265', 11, 1467634788),
(1431, 1949170730, 13, 44.5105562, 11.3486473, '32TPQ8667931265', 37.0139, 1467634788),
(1432, 1949170730, 12, 44.5105562, 11.3486473, '32TPQ8667931265', 44.0668, 1467634788),
(1433, 1949170730, 6, 44.5105562, 11.3486473, '32TPQ8667931265', 1028.42, 1467634788),
(1434, 1949170730, 100, 44.5105562, 11.3486473, '32TPQ8667931265', 305, 1467634819),
(1435, 1949170730, 5, 44.5105562, 11.3486473, '32TPQ8667931265', 11, 1467634819),
(1436, 1949170730, 13, 44.5105562, 11.3486473, '32TPQ8667931265', 13.323, 1467634819),
(1437, 1949170730, 12, 44.5105562, 11.3486473, '32TPQ8667931265', 44.0668, 1467634819),
(1438, 1949170730, 6, 44.5105562, 11.3486473, '32TPQ8667931265', 962.917, 1467634819),
(1439, 1949170730, 5, 44.5105562, 11.3486473, '32TPQ8667931265', 11, 1467634885),
(1440, 1949170730, 5, 44.5105562, 11.3486473, '32TPQ8667931265', 8, 1467634953),
(1441, 1949170730, 100, 44.5106019, 11.3485389, '32TPQ8667131270', 214, 1467634991),
(1442, 1949170730, 5, 44.5106019, 11.3485389, '32TPQ8667131270', 11, 1467634991),
(1443, 1949170730, 13, 44.5106019, 11.3485389, '32TPQ8667131270', 27.9059, 1467634991),
(1444, 1949170730, 100, 44.5106019, 11.3485389, '32TPQ8667131270', 214, 1467634991),
(1445, 1949170730, 12, 44.5106019, 11.3485389, '32TPQ8667131270', 91.9011, 1467634991),
(1446, 1949170730, 6, 44.5106019, 11.3485389, '32TPQ8667131270', 959.778, 1467634991),
(1447, 1949170730, 5, 44.5106019, 11.3485389, '32TPQ8667131270', 11, 1467634991),
(1448, 1949170730, 13, 44.5106019, 11.3485389, '32TPQ8667131270', 27.9059, 1467634991),
(1449, 1949170730, 12, 44.5106019, 11.3485389, '32TPQ8667131270', 91.9011, 1467634991),
(1450, 1949170730, 6, 44.5106019, 11.3485389, '32TPQ8667131270', 959.778, 1467634991),
(1451, 1949170730, 100, 44.5106019, 11.3485389, '32TPQ8667131270', 200, 1467635035),
(1452, 1949170730, 5, 44.5106019, 11.3485389, '32TPQ8667131270', 11, 1467635035),
(1453, 1949170730, 13, 44.5106019, 11.3485389, '32TPQ8667131270', -12.4993, 1467635035),
(1454, 1949170730, 12, 44.5106019, 11.3485389, '32TPQ8667131270', 97.9252, 1467635035),
(1455, 1949170730, 6, 44.5106019, 11.3485389, '32TPQ8667131270', 935.185, 1467635035),
(1456, 1949170730, 5, 44.5106019, 11.3485389, '32TPQ8667131270', 13, 1467635095),
(1457, 1949170730, 5, 44.5106019, 11.3485389, '32TPQ8667131270', 11, 1467635156),
(1458, 1949170730, 5, 44.5106019, 11.3485389, '32TPQ8667131270', 11, 1467635210);

-- --------------------------------------------------------

--
-- Table structure for table `all_tel_data`
--

CREATE TABLE IF NOT EXISTS `all_tel_data` (
  `id` int(11) NOT NULL AUTO_INCREMENT,
  `user` int(11) NOT NULL,
  `tech` text NOT NULL,
  `latitude` double NOT NULL,
  `longitude` double NOT NULL,
  `mgrs` text NOT NULL,
  `operator` text NOT NULL,
  `strength` int(11) NOT NULL,
  `timestamp` bigint(20) NOT NULL,
  `throughput` float NOT NULL,
  PRIMARY KEY (`id`)
) ENGINE=InnoDB  DEFAULT CHARSET=latin1 AUTO_INCREMENT=328 ;

--
-- Dumping data for table `all_tel_data`
--

INSERT INTO `all_tel_data` (`id`, `user`, `tech`, `latitude`, `longitude`, `mgrs`, `operator`, `strength`, `timestamp`, `throughput`) VALUES
(286, 1949170730, '3G', 44.5106342, 11.3491011, '32TPQ8671531274', 'I WIND', -84, 1467445453, 0),
(287, 1949170730, '3G', 44.5106342, 11.3491011, '32TPQ8671531274', 'I WIND', -84, 1467445466, 2925.71),
(288, 1949170730, '3G', 44.5106342, 11.3491011, '32TPQ8671531274', 'I WIND', -84, 1467445472, 6059.17),
(289, 1949170730, '3G', 44.5106342, 11.3491011, '32TPQ8671531274', 'I WIND', -84, 1467445476, 8533.33),
(290, 1949170730, '3G', 44.5106342, 11.3491011, '32TPQ8671531274', 'I WIND', -84, 1467445478, 8126.98),
(291, 1949170730, '3G', 44.5106342, 11.3491011, '32TPQ8671531274', 'I WIND', -84, 1467445496, 0),
(292, 1949170730, '3G', 44.5106342, 11.3491011, '32TPQ8671531274', 'I WIND', -86, 1467445499, 0),
(293, 1949170730, '3G', 44.49696, 11.3561838, '32TPQ8732229772', 'I WIND', -89, 1467627682, 4923.08),
(294, 1949170730, '3G', 44.49696, 11.3561838, '32TPQ8732229772', 'I WIND', -88, 1467628111, 6282.21),
(295, 1949170730, '3G', 44.49696, 11.3561838, '32TPQ8732229772', 'I WIND', -94, 1467628414, 1389.42),
(296, 1949170730, '3G', 44.49696, 11.3561838, '32TPQ8732229772', 'I WIND', -91, 1467628467, 1340.31),
(297, 1949170730, '3G', 44.49696, 11.3561838, '32TPQ8732229772', 'I WIND', -89, 1467628533, 555.014),
(298, 1949170730, '3G', 44.49696, 11.3561838, '32TPQ8732229772', 'I WIND', -95, 1467628588, 851.205),
(299, 1949170730, '3G', 44.49696, 11.3561838, '32TPQ8732229772', 'I WIND', -97, 1467628652, 1273.63),
(300, 1949170730, '3G', 44.49696, 11.3561838, '32TPQ8732229772', 'I WIND', -92, 1467628663, 5044.33),
(301, 1949170730, '3G', 44.49696, 11.3561838, '32TPQ8732229772', 'I WIND', -89, 1467628692, 579.186),
(302, 1949170730, '3G', 44.49696, 11.3561838, '32TPQ8732229772', 'I WIND', -89, 1467628700, 7062.07),
(303, 1949170730, '3G', 44.49696, 11.3561838, '32TPQ8732229772', 'I WIND', -99, 1467629810, 1558.6),
(304, 1949170730, '3G', 44.49696, 11.3561838, '32TPQ8732229772', 'I WIND', -74, 1467630462, 1121.58),
(305, 1949170730, '3G', 44.5106735, 11.3491244, '32TPQ8671731279', 'I WIND', -71, 1467633101, 5224.49),
(306, 1949170730, '3G', 44.5106542, 11.349051, '32TPQ8671131277', 'I WIND', -74, 1467633146, 349.727),
(307, 1949170730, '3G', 44.5106557, 11.3490993, '32TPQ8671531277', 'I WIND', -78, 1467633193, 911.032),
(308, 1949170730, '3G', 44.5104543, 11.3488113, '32TPQ8669331254', 'I WIND', -78, 1467633203, 5688.89),
(309, 1949170730, '3G', 44.5106666, 11.3491276, '32TPQ8671731278', 'I WIND', -76, 1467633234, 703.78),
(310, 1949170730, '3G', 44.5104246, 11.3487758, '32TPQ8669031250', 'I WIND', -77, 1467633243, 10778.9),
(311, 1949170730, '3G', 44.5105432, 11.3487205, '32TPQ8668531264', 'I WIND', -73, 1467633278, 1144.13),
(312, 1949170730, '3G', 44.5105846, 11.3486912, '32TPQ8668331268', 'I WIND', -73, 1467633316, 231.308),
(313, 1949170730, '3G', 44.5106726, 11.3490936, '32TPQ8671531279', 'I WIND', -79, 1467633331, 1134),
(314, 1949170730, '3G', 44.5106726, 11.3490936, '32TPQ8671531279', 'I WIND', -73, 1467633339, 632.88),
(315, 1949170730, '3G', 44.5106726, 11.3490936, '32TPQ8671531279', 'I WIND', -73, 1467633345, 889.661),
(316, 1949170730, '3G', 44.51058, 11.3485172, '32TPQ8666931267', 'I WIND', -76, 1467633374, 462.72),
(317, 1949170730, '3G', 44.510547, 11.3484766, '32TPQ8666631263', 'I WIND', -88, 1467634310, 1150.56),
(318, 1949170730, '3G', 44.5105771, 11.3485944, '32TPQ8667531267', 'I WIND', -79, 1467634590, 1050.26),
(319, 1949170730, '3G', 44.5105771, 11.3485944, '32TPQ8667531267', 'I WIND', -74, 1467634614, 1050.26),
(320, 1949170730, '3G', 44.5105771, 11.3485944, '32TPQ8667531267', 'I WIND', -78, 1467634694, 1050.26),
(321, 1949170730, '3G', -1, -1, '30MYD2256289402', 'I WIND', -77, 1467634748, 1108.23),
(322, 1949170730, '3G', 44.5105402, 11.3485192, '32TPQ8666931263', 'I WIND', -78, 1467634771, 1108.23),
(323, 1949170730, '3G', 44.5105562, 11.3486473, '32TPQ8667931265', 'I WIND', -78, 1467634788, 1108.23),
(324, 1949170730, '3G', 44.5105562, 11.3486473, '32TPQ8667931265', 'I WIND', -77, 1467634819, 1273.63),
(325, 1949170730, '3G', 44.5106019, 11.3485389, '32TPQ8667131270', 'I WIND', -78, 1467634992, 1238.21),
(326, 1949170730, '3G', 44.5106019, 11.3485389, '32TPQ8667131270', 'I WIND', -78, 1467634992, 1544.49),
(327, 1949170730, '3G', 44.5106019, 11.3485389, '32TPQ8667131270', 'I WIND', -80, 1467635036, 263.578);

-- --------------------------------------------------------

--
-- Table structure for table `all_wifi_data`
--

CREATE TABLE IF NOT EXISTS `all_wifi_data` (
  `id` int(11) NOT NULL AUTO_INCREMENT,
  `user` int(11) NOT NULL,
  `latitude` double NOT NULL,
  `longitude` double NOT NULL,
  `mgrs` text NOT NULL,
  `ssid` text NOT NULL,
  `bssid` text NOT NULL,
  `strength` int(11) NOT NULL,
  `timestamp` bigint(20) NOT NULL,
  PRIMARY KEY (`id`)
) ENGINE=InnoDB  DEFAULT CHARSET=latin1 AUTO_INCREMENT=179 ;

--
-- Dumping data for table `all_wifi_data`
--

INSERT INTO `all_wifi_data` (`id`, `user`, `latitude`, `longitude`, `mgrs`, `ssid`, `bssid`, `strength`, `timestamp`) VALUES
(11, 1949170730, 44.5106093, 11.3490281, '32TPQ8671031272', '"FollowTheWhiteRabbit"', '30:91:8f:7f:40:6b', -63, 1465917667),
(12, 1949170730, 44.5106093, 11.3490281, '32TPQ8671031272', '"FollowTheWhiteRabbit"', '30:91:8f:7f:40:6b', -62, 1465917774),
(13, 1949170730, 44.5106093, 11.3490281, '32TPQ8671031272', '"FollowTheWhiteRabbit"', '30:91:8f:7f:40:6b', -61, 1465917819),
(14, 1949170730, 44.5106093, 11.3490281, '32TPQ8671031272', '"FollowTheWhiteRabbit"', '30:91:8f:7f:40:6b', -58, 1465917847),
(15, 1949170730, 44.5106093, 11.3490281, '32TPQ8671031272', '"FollowTheWhiteRabbit"', '30:91:8f:7f:40:6b', -59, 1465917923),
(16, 1949170730, 44.5106093, 11.3490281, '32TPQ8671031272', '"FollowTheWhiteRabbit"', '30:91:8f:7f:40:6b', -60, 1465917982),
(17, 1949170730, 44.5114388, 11.346307, '32TPQ8649131357', '"FollowTheWhiteRabbit"', '30:91:8f:7f:40:6b', -58, 1465918434),
(18, 1949170730, 44.510622, 11.3490248, '32TPQ8670931273', '"FollowTheWhiteRabbit"', '30:91:8f:7f:40:6b', -59, 1465918459),
(19, 1949170730, 44.510622, 11.3490248, '32TPQ8670931273', '"FollowTheWhiteRabbit"', '30:91:8f:7f:40:6b', -59, 1465918484),
(20, 1949170730, 44.510622, 11.3490248, '32TPQ8670931273', '"FollowTheWhiteRabbit"', '30:91:8f:7f:40:6b', -62, 1465918490),
(21, 1949170730, 44.510622, 11.3490248, '32TPQ8670931273', '"FollowTheWhiteRabbit"', '30:91:8f:7f:40:6b', -58, 1465918514),
(22, 1949170730, 44.510622, 11.3490248, '32TPQ8670931273', '"FollowTheWhiteRabbit"', '30:91:8f:7f:40:6b', -59, 1465918517),
(23, 1949170730, 44.510622, 11.3490248, '32TPQ8670931273', '"FollowTheWhiteRabbit"', '30:91:8f:7f:40:6b', -58, 1465918521),
(24, 1949170730, 44.510622, 11.3490248, '32TPQ8670931273', '"FollowTheWhiteRabbit"', '30:91:8f:7f:40:6b', -58, 1465918524),
(25, 1949170730, 44.5111581, 11.3461944, '32TPQ8648331326', '"FollowTheWhiteRabbit"', '30:91:8f:7f:40:6b', -60, 1465919073),
(26, 1949170730, 44.5111581, 11.3461944, '32TPQ8648331326', '"FollowTheWhiteRabbit"', '30:91:8f:7f:40:6b', -60, 1465919167),
(27, 1949170730, 44.5105942, 11.3490625, '32TPQ8671231270', '"FollowTheWhiteRabbit"', '30:91:8f:7f:40:6b', -59, 1465919253),
(28, 1949170730, 44.5105942, 11.3490625, '32TPQ8671231270', '"FollowTheWhiteRabbit"', '30:91:8f:7f:40:6b', -59, 1465919337),
(29, 1949170730, 44.5105942, 11.3490625, '32TPQ8671231270', '"FollowTheWhiteRabbit"', '30:91:8f:7f:40:6b', -68, 1465919420),
(30, 1949170730, 44.5106107, 11.3491061, '32TPQ8671631272', '"FollowTheWhiteRabbit"', '30:91:8f:7f:40:6b', -63, 1465920126),
(31, 1949170730, 44.5106107, 11.3491061, '32TPQ8671631272', '"FollowTheWhiteRabbit"', '30:91:8f:7f:40:6b', -59, 1465920144),
(32, 1949170730, 44.5096438, 11.3496526, '32TPQ8676231166', '"FollowTheWhiteRabbit"', '30:91:8f:7f:40:6b', -59, 1465920706),
(33, 1949170730, 44.5106354, 11.349085, '32TPQ8671431275', '"FollowTheWhiteRabbit"', '30:91:8f:7f:40:6b', -57, 1465920721),
(34, 1949170730, 44.5106354, 11.349085, '32TPQ8671431275', '"FollowTheWhiteRabbit"', '30:91:8f:7f:40:6b', -59, 1465920734),
(35, 1949170730, 44.5096438, 11.3496526, '32TPQ8676231166', '"FollowTheWhiteRabbit"', '30:91:8f:7f:40:6b', -61, 1465921035),
(36, 1949170730, 44.5096438, 11.3496526, '32TPQ8676231166', '"FollowTheWhiteRabbit"', '30:91:8f:7f:40:6b', -60, 1465921066),
(37, 1949170730, 44.5106211, 11.3491099, '32TPQ8671631273', '"FollowTheWhiteRabbit"', '30:91:8f:7f:40:6b', -57, 1465921097),
(38, 1949170730, 44.5106335, 11.349106, '32TPQ8671631274', '"FollowTheWhiteRabbit"', '30:91:8f:7f:40:6b', -61, 1465921167),
(39, 1949170730, 44.5106783, 11.3491233, '32TPQ8671731279', '"FollowTheWhiteRabbit"', '30:91:8f:7f:40:6b', -59, 1465921451),
(40, 1949170730, 44.5111581, 11.3461944, '32TPQ8648331326', '"FollowTheWhiteRabbit"', '30:91:8f:7f:40:6b', -60, 1465922178),
(41, 1949170730, 44.5106081, 11.3490814, '32TPQ8671431272', '"FollowTheWhiteRabbit"', '30:91:8f:7f:40:6b', -60, 1465922245),
(42, 1949170730, 44.5106278, 11.3490939, '32TPQ8671531274', '"FollowTheWhiteRabbit"', '30:91:8f:7f:40:6b', -58, 1465922306),
(43, 1949170730, 44.5106278, 11.3490939, '32TPQ8671531274', '"FollowTheWhiteRabbit"', '30:91:8f:7f:40:6b', -57, 1465922358),
(44, 1949170730, 44.5104348, 11.3487078, '32TPQ8668531251', '"FollowTheWhiteRabbit"', '30:91:8f:7f:40:6b', -58, 1465922370),
(45, 1949170730, 44.5106344, 11.3491094, '32TPQ8671631275', '"FollowTheWhiteRabbit"', '30:91:8f:7f:40:6b', -58, 1465922661),
(46, 1949170730, 44.5106344, 11.3491094, '32TPQ8671631275', '"FollowTheWhiteRabbit"', '30:91:8f:7f:40:6b', -60, 1465922710),
(47, 1949170730, 44.5106344, 11.3491094, '32TPQ8671631275', '"FollowTheWhiteRabbit"', '30:91:8f:7f:40:6b', -60, 1465922754),
(48, 1949170730, 44.5106344, 11.3491094, '32TPQ8671631275', '"FollowTheWhiteRabbit"', '30:91:8f:7f:40:6b', -59, 1465922787),
(49, 1949170730, 44.5106344, 11.3491094, '32TPQ8671631275', '"FollowTheWhiteRabbit"', '30:91:8f:7f:40:6b', -60, 1465922847),
(50, 1949170730, 44.5106344, 11.3491094, '32TPQ8671631275', '"FollowTheWhiteRabbit"', '30:91:8f:7f:40:6b', -59, 1465922904),
(51, 1949170730, 44.5106076, 11.3490875, '32TPQ8671431272', '"FollowTheWhiteRabbit"', '30:91:8f:7f:40:6b', -58, 1465922998),
(52, 1949170730, 44.5106176, 11.3491039, '32TPQ8671631273', '"FollowTheWhiteRabbit"', '30:91:8f:7f:40:6b', -58, 1465923037),
(53, 1949170730, 44.5106176, 11.3491039, '32TPQ8671631273', '"FollowTheWhiteRabbit"', '30:91:8f:7f:40:6b', -57, 1465923168),
(54, 1949170730, 44.5113022, 11.3427968, '32TPQ8621231334', '"TNCAPEB6F9A"', 'a4:b1:e9:eb:6f:9a', -59, 1466074377),
(55, 1949170730, 44.5113022, 11.3427968, '32TPQ8621231334', '"TNCAPEB6F9A"', 'a4:b1:e9:eb:6f:9a', -55, 1466074637),
(56, 1949170730, 44.5113022, 11.3427968, '32TPQ8621231334', '"TNCAPEB6F9A"', 'a4:b1:e9:eb:6f:9a', -55, 1466074818),
(57, 1949170730, 44.5113022, 11.3427968, '32TPQ8621231334', '"TNCAPEB6F9A"', 'a4:b1:e9:eb:6f:9a', -54, 1466074829),
(58, 1949170730, 44.5113022, 11.3427968, '32TPQ8621231334', '"TNCAPEB6F9A"', 'a4:b1:e9:eb:6f:9a', -60, 1466074834),
(59, 1949170730, 44.5113022, 11.3427968, '32TPQ8621231334', '"TNCAPEB6F9A"', 'a4:b1:e9:eb:6f:9a', -59, 1466074847),
(60, 1949170730, 44.5113022, 11.3427968, '32TPQ8621231334', '"TNCAPEB6F9A"', 'a4:b1:e9:eb:6f:9a', -62, 1466074860),
(61, 1949170730, 44.5113022, 11.3427968, '32TPQ8621231334', '"TNCAPEB6F9A"', 'a4:b1:e9:eb:6f:9a', -61, 1466074873),
(62, 1949170730, 44.5112037, 11.3428269, '32TPQ8621531323', '"TNCAPEB6F9A"', 'a4:b1:e9:eb:6f:9a', -56, 1466075851),
(63, 1949170730, 44.5112037, 11.3428269, '32TPQ8621531323', '"TNCAPEB6F9A"', 'a4:b1:e9:eb:6f:9a', -58, 1466075905),
(64, 1949170730, 44.5112037, 11.3428269, '32TPQ8621531323', '"TNCAPEB6F9A"', 'a4:b1:e9:eb:6f:9a', -54, 1466075937),
(65, 1949170730, 44.5112037, 11.3428269, '32TPQ8621531323', '"TNCAPEB6F9A"', 'a4:b1:e9:eb:6f:9a', -61, 1466076118),
(66, 1949170730, 44.5112037, 11.3428269, '32TPQ8621531323', '"TNCAPEB6F9A"', 'a4:b1:e9:eb:6f:9a', -62, 1466076201),
(67, 1949170730, 44.5112037, 11.3428269, '32TPQ8621531323', '"TNCAPEB6F9A"', 'a4:b1:e9:eb:6f:9a', -51, 1466076330),
(69, 1949170730, 44.5111749, 11.3427313, '32TPQ8620731320', '"TNCAPEB6F9A"', 'a4:b1:e9:eb:6f:9a', -58, 1466076487),
(70, 1949170730, 44.5111722, 11.342852, '32TPQ8621731320', '"TNCAPEB6F9A"', 'a4:b1:e9:eb:6f:9a', -57, 1466077486),
(71, 1949170730, 44.5112107, 11.3428376, '32TPQ8621631324', '"TNCAPEB6F9A"', 'a4:b1:e9:eb:6f:9a', -57, 1466077659),
(72, 1949170730, 44.5112071, 11.3427575, '32TPQ8620931324', '"TNCAPEB6F9A"', 'a4:b1:e9:eb:6f:9a', -59, 1466077976),
(73, 1949170730, 44.5112071, 11.3427575, '32TPQ8620931324', '"TNCAPEB6F9A"', 'a4:b1:e9:eb:6f:9a', -60, 1466077990),
(74, 1949170730, 44.5111457, 11.342689, '32TPQ8620431317', '"TNCAPEB6F9A"', 'a4:b1:e9:eb:6f:9a', -56, 1466078047),
(75, 1949170730, 44.5111426, 11.3427396, '32TPQ8620831316', '"TNCAPEB6F9A"', 'a4:b1:e9:eb:6f:9a', -58, 1466078074),
(76, 1949170730, 44.5112247, 11.3427989, '32TPQ8621231326', '"TNCAPEB6F9A"', 'a4:b1:e9:eb:6f:9a', -54, 1466078225),
(77, 1949170730, 44.5112247, 11.3427989, '32TPQ8621231326', '"TNCAPEB6F9A"', 'a4:b1:e9:eb:6f:9a', -62, 1466078260),
(78, 1949170730, 44.5112247, 11.3427989, '32TPQ8621231326', '"TNCAPEB6F9A"', 'a4:b1:e9:eb:6f:9a', -60, 1466078301),
(79, 1949170730, 44.5112247, 11.3427989, '32TPQ8621231326', '"TNCAPEB6F9A"', 'a4:b1:e9:eb:6f:9a', -59, 1466078351),
(80, 1949170730, 44.5111764, 11.3427034, '32TPQ8620531320', '"TNCAPEB6F9A"', 'a4:b1:e9:eb:6f:9a', -52, 1466081470),
(81, 1949170730, 44.5110657, 11.3427648, '32TPQ8621031308', '"TNCAPEB6F9A"', 'a4:b1:e9:eb:6f:9a', -52, 1466081621),
(85, 1949170730, 44.5112355, 11.3429, '32TPQ8622031327', '"TNCAPEB6F9A"', 'a4:b1:e9:eb:6f:9a', -49, 1466083911),
(86, 1949170730, 44.5112355, 11.3429, '32TPQ8622031327', '"TNCAPEB6F9A"', 'a4:b1:e9:eb:6f:9a', -50, 1466083913),
(87, 1949170730, 44.510553, 11.3486267, '32TPQ8667831264', '"FollowTheWhiteRabbit"', '30:91:8f:7f:40:6b', -60, 1466098891),
(90, 1974671864, 44.508802, 11.3493147, '32TPQ8673831071', '"FollowTheWhiteRabbit"', '30:91:8f:7f:40:6b', -64, 1466184840),
(92, 1949170730, 44.5106316, 11.3490891, '32TPQ8671431274', '"FollowTheWhiteRabbit"', '30:91:8f:7f:40:6b', -58, 1466185066),
(93, 1974671864, 44.5106248, 11.3490343, '32TPQ8671031273', '"FollowTheWhiteRabbit"', '30:91:8f:7f:40:6b', -68, 1466185083),
(94, 1949170730, 44.5106316, 11.3490891, '32TPQ8671431274', '"FollowTheWhiteRabbit"', '30:91:8f:7f:40:6b', -63, 1466185202),
(95, 1949170730, 44.5106198, 11.3491262, '32TPQ8671731273', '"FollowTheWhiteRabbit"', '30:91:8f:7f:40:6b', -62, 1466188614),
(96, 1949170730, 44.5105266, 11.3486497, '32TPQ8668031262', '"FollowTheWhiteRabbit"', '30:91:8f:7f:40:6b', -58, 1466188644),
(97, 1949170730, 44.5105266, 11.3486497, '32TPQ8668031262', '"FollowTheWhiteRabbit"', '30:91:8f:7f:40:6b', -72, 1466188803),
(98, 1949170730, 44.5105382, 11.3484941, '32TPQ8666731262', '"FollowTheWhiteRabbit"', '30:91:8f:7f:40:6b', -70, 1466405100),
(99, 1949170730, 44.5019211, 11.3590128, '32TPQ8753130329', '<unknown ssid>', 'null', -127, 1466505447),
(100, 1949170730, 44.502034, 11.3591717, '32TPQ8754330342', '<unknown ssid>', 'null', -127, 1466505816),
(101, 1949170730, 44.5013372, 11.3580108, '32TPQ8745330262', '<unknown ssid>', 'null', -127, 1466506697),
(102, 1949170730, 44.5013113, 11.3575612, '32TPQ8741830258', '<unknown ssid>', 'null', -127, 1466506710),
(103, 1949170730, 44.5022047, 11.3589179, '32TPQ8752330361', '<unknown ssid>', 'null', -127, 1466506971),
(104, 1949170730, 44.5019389, 11.3588327, '32TPQ8751730331', '<unknown ssid>', 'null', -127, 1466506985),
(105, 1949170730, 44.5018498, 11.3587822, '32TPQ8751330321', '<unknown ssid>', 'null', -127, 1466507021),
(106, 1949170730, 44.5023055, 11.3588523, '32TPQ8751730372', '<unknown ssid>', 'null', -127, 1466507178),
(107, 1949170730, 44.5023055, 11.3588523, '32TPQ8751730372', '<unknown ssid>', 'null', -127, 1466507181),
(108, 1949170730, 44.5017176, 11.3586816, '32TPQ8750530306', '<unknown ssid>', 'null', -127, 1466507286),
(109, 1949170730, 44.5014613, 11.3585915, '32TPQ8749930277', '"ALMAWIFI"', '00:3a:99:3b:d6:20', -48, 1466507536),
(110, 1949170730, 44.501978, 11.3588363, '32TPQ8751730335', '"ALMAWIFI"', '00:3a:99:3b:d6:20', -127, 1466507538),
(111, 1949170730, 44.5106136, 11.3485838, '32TPQ8667431271', '"FollowTheWhiteRabbit"', '30:91:8f:7f:40:6b', -60, 1467013936),
(112, 1949170730, 44.5105345, 11.348718, '32TPQ8668531263', '"FollowTheWhiteRabbit"', '30:91:8f:7f:40:6b', -56, 1467309005),
(113, 1949170730, 44.5106134, 11.3489509, '32TPQ8670331272', '"FollowTheWhiteRabbit"', '30:91:8f:7f:40:6b', -56, 1467309659),
(114, 1949170730, 44.5105868, 11.3488212, '32TPQ8669331269', '"FollowTheWhiteRabbit"', '30:91:8f:7f:40:6b', -58, 1467309675),
(115, 1949170730, 44.5105868, 11.3488212, '32TPQ8669331269', '"FollowTheWhiteRabbit"', '30:91:8f:7f:40:6b', -56, 1467309699),
(116, 1949170730, 44.5105868, 11.3488212, '32TPQ8669331269', '"FollowTheWhiteRabbit"', '30:91:8f:7f:40:6b', -56, 1467309714),
(117, 1949170730, 44.5105868, 11.3488212, '32TPQ8669331269', '"FollowTheWhiteRabbit"', '30:91:8f:7f:40:6b', -57, 1467310125),
(118, 1949170730, 44.5106239, 11.3490562, '32TPQ8671231273', '"FollowTheWhiteRabbit"', '30:91:8f:7f:40:6b', -56, 1467310181),
(119, 1949170730, 44.5105937, 11.348868, '32TPQ8669731269', '"FollowTheWhiteRabbit"', '30:91:8f:7f:40:6b', -59, 1467310610),
(120, 1949170730, 44.5106301, 11.3490375, '32TPQ8671031274', '"FollowTheWhiteRabbit"', '30:91:8f:7f:40:6b', -54, 1467310782),
(121, 1949170730, 44.5106301, 11.3490375, '32TPQ8671031274', '"FollowTheWhiteRabbit"', '30:91:8f:7f:40:6b', -59, 1467310851),
(122, 1949170730, 44.5093632, 11.34954, '32TPQ8675431134', '"FollowTheWhiteRabbit"', '30:91:8f:7f:40:6b', -59, 1467311851),
(123, 1949170730, 44.5106272, 11.3490806, '32TPQ8671431274', '"FollowTheWhiteRabbit"', '30:91:8f:7f:40:6b', -57, 1467312218),
(124, 1949170730, 44.5105716, 11.3486479, '32TPQ8667931266', '"FollowTheWhiteRabbit"', '30:91:8f:7f:40:6b', -61, 1467313115),
(125, 1949170730, 44.5105987, 11.3487739, '32TPQ8668931270', '"FollowTheWhiteRabbit"', '30:91:8f:7f:40:6b', -57, 1467313131),
(126, 1949170730, 44.5106287, 11.3490159, '32TPQ8670931274', '"FollowTheWhiteRabbit"', '30:91:8f:7f:40:6b', -65, 1467313292),
(127, 1949170730, 44.5106897, 11.3490739, '32TPQ8671331281', '"FollowTheWhiteRabbit"', '30:91:8f:7f:40:6b', -61, 1467314294),
(128, 1949170730, -1, -1, '30MYD2256289402', '"FollowTheWhiteRabbit"', '30:91:8f:7f:40:6b', -64, 1467315132),
(129, 1949170730, 44.5106511, 11.3490808, '32TPQ8671431276', '"FollowTheWhiteRabbit"', '30:91:8f:7f:40:6b', -63, 1467315137),
(130, 1949170730, 44.5096081, 11.350008, '32TPQ8679131163', '"FollowTheWhiteRabbit"', '30:91:8f:7f:40:6b', -60, 1467316136),
(131, 1949170730, 44.5114388, 11.346307, '32TPQ8649131357', '"FollowTheWhiteRabbit"', '30:91:8f:7f:40:6b', -59, 1467317135),
(132, 1949170730, 44.5114388, 11.346307, '32TPQ8649131357', '"FollowTheWhiteRabbit"', '30:91:8f:7f:40:6b', -59, 1467318134),
(133, 1949170730, 44.5114388, 11.346307, '32TPQ8649131357', '"FollowTheWhiteRabbit"', '30:91:8f:7f:40:6b', -57, 1467318449),
(134, 1949170730, 44.5106345, 11.3490119, '32TPQ8670831274', '"FollowTheWhiteRabbit"', '30:91:8f:7f:40:6b', -61, 1467322284),
(135, 1949170730, 44.5105417, 11.3485871, '32TPQ8667531263', '"FollowTheWhiteRabbit"', '30:91:8f:7f:40:6b', -60, 1467323283),
(136, 1949170730, 44.5093632, 11.34954, '32TPQ8675431134', '"FollowTheWhiteRabbit"', '30:91:8f:7f:40:6b', -53, 1467324282),
(137, 1949170730, 44.5105774, 11.3485674, '32TPQ8667331267', '"FollowTheWhiteRabbit"', '30:91:8f:7f:40:6b', -51, 1467325312),
(138, 1949170730, 44.5105774, 11.3485674, '32TPQ8667331267', '"FollowTheWhiteRabbit"', '30:91:8f:7f:40:6b', -52, 1467326311),
(139, 1949170730, 44.5106414, 11.348793, '32TPQ8669131275', '"FollowTheWhiteRabbit"', '30:91:8f:7f:40:6b', -58, 1467327411),
(140, 1949170730, 44.5106414, 11.348793, '32TPQ8669131275', '"FollowTheWhiteRabbit"', '30:91:8f:7f:40:6b', -58, 1467328311),
(141, 1949170730, 44.5106414, 11.348793, '32TPQ8669131275', '"FollowTheWhiteRabbit"', '30:91:8f:7f:40:6b', -58, 1467329211),
(142, 1949170730, 44.5106414, 11.348793, '32TPQ8669131275', '"FollowTheWhiteRabbit"', '30:91:8f:7f:40:6b', -58, 1467330411),
(143, 1949170730, 44.5106812, 11.3490937, '32TPQ8671531280', '"FollowTheWhiteRabbit"', '30:91:8f:7f:40:6b', -58, 1467382202),
(144, 1949170730, 44.5106812, 11.3490937, '32TPQ8671531280', '"FollowTheWhiteRabbit"', '30:91:8f:7f:40:6b', -60, 1467383511),
(145, 1949170730, 44.5106222, 11.3491135, '32TPQ8671631273', '"FollowTheWhiteRabbit"', '30:91:8f:7f:40:6b', -64, 1467384408),
(146, 1949170730, 44.5106222, 11.3491135, '32TPQ8671631273', '"FollowTheWhiteRabbit"', '30:91:8f:7f:40:6b', -64, 1467384411),
(147, 1949170730, 44.5106238, 11.3490787, '32TPQ8671431273', '"FollowTheWhiteRabbit"', '30:91:8f:7f:40:6b', -62, 1467385416),
(148, 1949170730, 44.5096438, 11.3496526, '32TPQ8676231166', '"FollowTheWhiteRabbit"', '30:91:8f:7f:40:6b', -64, 1467386433),
(149, 1949170730, 44.5106557, 11.3490267, '32TPQ8670931277', '"FollowTheWhiteRabbit"', '30:91:8f:7f:40:6b', -55, 1467387218),
(150, 1949170730, 44.5106544, 11.3490533, '32TPQ8671131277', '"FollowTheWhiteRabbit"', '30:91:8f:7f:40:6b', -56, 1467387526),
(151, 1949170730, 44.5106407, 11.3489276, '32TPQ8670131275', '"FollowTheWhiteRabbit"', '30:91:8f:7f:40:6b', -54, 1467387715),
(152, 1949170730, 44.5106407, 11.3489276, '32TPQ8670131275', '"FollowTheWhiteRabbit"', '30:91:8f:7f:40:6b', -52, 1467387739),
(153, 1949170730, 44.5106521, 11.3490289, '32TPQ8670931276', '"FollowTheWhiteRabbit"', '30:91:8f:7f:40:6b', -53, 1467387834),
(154, 1949170730, 44.5106521, 11.3490289, '32TPQ8670931276', '"FollowTheWhiteRabbit"', '30:91:8f:7f:40:6b', -53, 1467387844),
(155, 1949170730, 44.5106521, 11.3490289, '32TPQ8670931276', '"FollowTheWhiteRabbit"', '30:91:8f:7f:40:6b', -52, 1467387848),
(156, 1949170730, 44.5106521, 11.3490289, '32TPQ8670931276', '"FollowTheWhiteRabbit"', '30:91:8f:7f:40:6b', -51, 1467387910),
(157, 1949170730, 44.5106521, 11.3490289, '32TPQ8670931276', '"FollowTheWhiteRabbit"', '30:91:8f:7f:40:6b', -57, 1467387977),
(158, 1949170730, 44.5106521, 11.3490289, '32TPQ8670931276', '"FollowTheWhiteRabbit"', '30:91:8f:7f:40:6b', -55, 1467388054),
(159, 1949170730, 44.5106521, 11.3490289, '32TPQ8670931276', '"FollowTheWhiteRabbit"', '30:91:8f:7f:40:6b', -50, 1467388190),
(160, 1949170730, 44.5106521, 11.3490289, '32TPQ8670931276', '"FollowTheWhiteRabbit"', '30:91:8f:7f:40:6b', -50, 1467388247),
(161, 1949170730, 44.5106521, 11.3490289, '32TPQ8670931276', '"FollowTheWhiteRabbit"', '30:91:8f:7f:40:6b', -50, 1467388249),
(162, 1949170730, 44.5106521, 11.3490289, '32TPQ8670931276', '"FollowTheWhiteRabbit"', '30:91:8f:7f:40:6b', -52, 1467388251),
(163, 1949170730, 44.5106372, 11.3491112, '32TPQ8671631275', '"FollowTheWhiteRabbit"', '30:91:8f:7f:40:6b', -55, 1467388363),
(164, 1949170730, 44.5106372, 11.3491112, '32TPQ8671631275', '"FollowTheWhiteRabbit"', '30:91:8f:7f:40:6b', -55, 1467388365),
(165, 1949170730, 44.5106372, 11.3491112, '32TPQ8671631275', '"FollowTheWhiteRabbit"', '30:91:8f:7f:40:6b', -54, 1467388368),
(166, 1949170730, 44.5106372, 11.3491112, '32TPQ8671631275', '"FollowTheWhiteRabbit"', '30:91:8f:7f:40:6b', -54, 1467388383),
(167, 1949170730, 44.5106372, 11.3491112, '32TPQ8671631275', '"FollowTheWhiteRabbit"', '30:91:8f:7f:40:6b', -54, 1467388428),
(168, 1949170730, 44.5106372, 11.3491112, '32TPQ8671631275', '"FollowTheWhiteRabbit"', '30:91:8f:7f:40:6b', -54, 1467388431),
(169, 1949170730, 44.5106372, 11.3491112, '32TPQ8671631275', '"FollowTheWhiteRabbit"', '30:91:8f:7f:40:6b', -51, 1467388446),
(170, 1949170730, 44.5106372, 11.3491112, '32TPQ8671631275', '"FollowTheWhiteRabbit"', '30:91:8f:7f:40:6b', -61, 1467389445),
(171, 1949170730, 44.5106647, 11.3490914, '32TPQ8671431278', '"FollowTheWhiteRabbit"', '30:91:8f:7f:40:6b', -62, 1467397705),
(172, 1949170730, 44.5106959, 11.348964, '32TPQ8670431281', '"FollowTheWhiteRabbit"', '30:91:8f:7f:40:6b', -49, 1467398811),
(173, 1949170730, 44.5106077, 11.348933, '32TPQ8670231271', '"FollowTheWhiteRabbit"', '30:91:8f:7f:40:6b', -59, 1467444634),
(174, 1949170730, 44.5105918, 11.3486482, '32TPQ8667931269', '"FollowTheWhiteRabbit"', '30:91:8f:7f:40:6b', -57, 1467444644),
(175, 1949170730, 44.5106372, 11.3491006, '32TPQ8671531275', '"FollowTheWhiteRabbit"', '30:91:8f:7f:40:6b', -58, 1467445382),
(176, 1949170730, 44.5106342, 11.3491011, '32TPQ8671531274', '"FollowTheWhiteRabbit"', '30:91:8f:7f:40:6b', -61, 1467445453),
(177, 1949170730, 44.5106342, 11.3491011, '32TPQ8671531274', '"FollowTheWhiteRabbit"', '30:91:8f:7f:40:6b', -58, 1467445496),
(178, 1949170730, 44.5106342, 11.3491011, '32TPQ8671531274', '"FollowTheWhiteRabbit"', '30:91:8f:7f:40:6b', -58, 1467445498);

-- --------------------------------------------------------

--
-- Table structure for table `rules`
--

CREATE TABLE IF NOT EXISTS `rules` (
  `id` int(11) NOT NULL AUTO_INCREMENT,
  `type` int(11) NOT NULL,
  `name` text,
  `mgrs_area` text NOT NULL,
  `granularity` int(11) NOT NULL COMMENT 'filter mgrs',
  `expire_count` int(11) NOT NULL,
  `expire_time` bigint(20) NOT NULL,
  `sample_time` int(11) NOT NULL COMMENT 'seconds',
  `timestamp` bigint(20) NOT NULL COMMENT 'submission date',
  `sample_gran` int(11) NOT NULL DEFAULT '1',
  PRIMARY KEY (`id`)
) ENGINE=InnoDB  DEFAULT CHARSET=latin1 AUTO_INCREMENT=29 ;

--
-- Dumping data for table `rules`
--

INSERT INTO `rules` (`id`, `type`, `name`, `mgrs_area`, `granularity`, `expire_count`, `expire_time`, `sample_time`, `timestamp`, `sample_gran`) VALUES
(28, 5, 'Default Light', '32TPQ8666031210', 1, 999999999, 999999999999999999, 3600, 1465913543, 1);

-- --------------------------------------------------------

--
-- Table structure for table `sensors`
--

CREATE TABLE IF NOT EXISTS `sensors` (
  `type` int(11) NOT NULL,
  `name` text NOT NULL,
  `mgrs_filter` int(11) NOT NULL,
  `units` text NOT NULL,
  PRIMARY KEY (`type`)
) ENGINE=InnoDB DEFAULT CHARSET=latin1;

--
-- Dumping data for table `sensors`
--

INSERT INTO `sensors` (`type`, `name`, `mgrs_filter`, `units`) VALUES
(5, 'Light', 4, 'lux'),
(6, 'Pressure', 2, 'hPa'),
(12, 'Humidity', 3, '%'),
(13, 'Temperature', 3, 'C'),
(100, 'Audio Amplitude', 4, ''),
(101, 'WiFi', 5, 'dB'),
(102, 'Tel', 4, 'dB');

-- --------------------------------------------------------

--
-- Table structure for table `stakeholders`
--

CREATE TABLE IF NOT EXISTS `stakeholders` (
  `id` int(11) NOT NULL AUTO_INCREMENT,
  `name` text NOT NULL,
  PRIMARY KEY (`id`)
) ENGINE=InnoDB  DEFAULT CHARSET=latin1 AUTO_INCREMENT=5 ;

--
-- Dumping data for table `stakeholders`
--

INSERT INTO `stakeholders` (`id`, `name`) VALUES
(1, 'Comune di Zologna'),
(2, 'Sodaphone'),
(3, 'Smart Company'),
(4, 'Internet of Cose');

-- --------------------------------------------------------

--
-- Table structure for table `stakeholders_rules`
--

CREATE TABLE IF NOT EXISTS `stakeholders_rules` (
  `id` int(11) NOT NULL AUTO_INCREMENT,
  `type` int(11) NOT NULL,
  `name` text,
  `mgrs_area` text NOT NULL,
  `granularity` int(11) NOT NULL COMMENT 'filter mgrs',
  `expire_count` int(11) NOT NULL,
  `expire_time` bigint(20) NOT NULL,
  `sample_time` int(11) NOT NULL COMMENT 'seconds',
  `timestamp` bigint(20) NOT NULL COMMENT 'submission date',
  `sample_gran` int(11) NOT NULL DEFAULT '1',
  `stakeholder_id` int(11) NOT NULL,
  `description` text NOT NULL,
  PRIMARY KEY (`id`)
) ENGINE=InnoDB  DEFAULT CHARSET=latin1 AUTO_INCREMENT=4 ;

--
-- Dumping data for table `stakeholders_rules`
--

INSERT INTO `stakeholders_rules` (`id`, `type`, `name`, `mgrs_area`, `granularity`, `expire_count`, `expire_time`, `sample_time`, `timestamp`, `sample_gran`, `stakeholder_id`, `description`) VALUES
(1, 5, 'Zologna Light', '32TPQ8666031210', 2, 50, 9999999999999, 60, 1465913543, 3, 1, 'Low consumption rule'),
(2, 101, 'Sodaphone wifi', '32TPQ8666031210', 2, 200, 9999999999999, 120, 1465913543, 1, 2, 'Medium consumption');

-- --------------------------------------------------------

--
-- Table structure for table `subscription`
--

CREATE TABLE IF NOT EXISTS `subscription` (
  `id` int(11) NOT NULL AUTO_INCREMENT,
  `id_user` int(11) NOT NULL,
  `id_stakeholder` int(11) NOT NULL,
  `sensor` int(11) NOT NULL,
  PRIMARY KEY (`id`)
) ENGINE=InnoDB  DEFAULT CHARSET=latin1 AUTO_INCREMENT=237 ;

--
-- Dumping data for table `subscription`
--

INSERT INTO `subscription` (`id`, `id_user`, `id_stakeholder`, `sensor`) VALUES
(209, 1949170730, 1, 5),
(210, 1949170730, 1, 6),
(211, 1949170730, 1, 12),
(212, 1949170730, 1, 13),
(213, 1949170730, 1, 100),
(214, 1949170730, 1, 101),
(215, 1949170730, 1, 102),
(216, 1949170730, 2, 5),
(217, 1949170730, 2, 6),
(218, 1949170730, 2, 12),
(219, 1949170730, 2, 13),
(220, 1949170730, 2, 100),
(221, 1949170730, 2, 101),
(222, 1949170730, 2, 102),
(223, 1949170730, 3, 5),
(224, 1949170730, 3, 6),
(225, 1949170730, 3, 12),
(226, 1949170730, 3, 13),
(227, 1949170730, 3, 100),
(228, 1949170730, 3, 101),
(229, 1949170730, 3, 102),
(230, 1949170730, 4, 5),
(231, 1949170730, 4, 6),
(232, 1949170730, 4, 12),
(233, 1949170730, 4, 13),
(234, 1949170730, 4, 100),
(235, 1949170730, 4, 101),
(236, 1949170730, 4, 102);

/*!40101 SET CHARACTER_SET_CLIENT=@OLD_CHARACTER_SET_CLIENT */;
/*!40101 SET CHARACTER_SET_RESULTS=@OLD_CHARACTER_SET_RESULTS */;
/*!40101 SET COLLATION_CONNECTION=@OLD_COLLATION_CONNECTION */;
